-- phpMyAdmin SQL Dump
-- version 5.1.1
-- https://www.phpmyadmin.net/
--
-- Host: 127.0.0.1
-- Generation Time: Dec 13, 2022 at 09:43 PM
-- Server version: 10.4.22-MariaDB
-- PHP Version: 8.1.2

SET SQL_MODE = "NO_AUTO_VALUE_ON_ZERO";
START TRANSACTION;
SET time_zone = "+00:00";


/*!40101 SET @OLD_CHARACTER_SET_CLIENT=@@CHARACTER_SET_CLIENT */;
/*!40101 SET @OLD_CHARACTER_SET_RESULTS=@@CHARACTER_SET_RESULTS */;
/*!40101 SET @OLD_COLLATION_CONNECTION=@@COLLATION_CONNECTION */;
/*!40101 SET NAMES utf8mb4 */;

--
-- Database: `geometry`
--

-- --------------------------------------------------------

--
-- Table structure for table `account`
--

CREATE TABLE `account` (
  `accountID` int(11) NOT NULL,
  `username` varchar(45) DEFAULT NULL,
  `password` varchar(45) DEFAULT NULL,
  `date-registered` date DEFAULT NULL,
  `studentID` int(11) NOT NULL
) ENGINE=InnoDB DEFAULT CHARSET=utf8;

-- --------------------------------------------------------

--
-- Table structure for table `admin`
--

CREATE TABLE `admin` (
  `adminId` int(11) NOT NULL,
  `firstname` varchar(45) DEFAULT NULL,
  `lastname` varchar(45) DEFAULT NULL
) ENGINE=InnoDB DEFAULT CHARSET=utf8;

-- --------------------------------------------------------

--
-- Table structure for table `assignment`
--

CREATE TABLE `assignment` (
  `assignmentID` int(11) NOT NULL,
  `name` varchar(45) DEFAULT NULL,
  `totalQuestion` int(11) DEFAULT NULL,
  `status` varchar(45) DEFAULT NULL
) ENGINE=InnoDB DEFAULT CHARSET=utf8;

-- --------------------------------------------------------

--
-- Table structure for table `course`
--

CREATE TABLE `course` (
  `course_id` int(11) NOT NULL,
  `course_name` varchar(250) NOT NULL,
  `course_created` timestamp NOT NULL DEFAULT current_timestamp()
) ENGINE=InnoDB DEFAULT CHARSET=utf8mb4;

--
-- Dumping data for table `course`
--

INSERT INTO `course` (`course_id`, `course_name`, `course_created`) VALUES
(3, 'GEOMETRY', '0000-00-00 00:00:00');

-- --------------------------------------------------------

--
-- Table structure for table `exam`
--

CREATE TABLE `exam` (
  `exam_id` int(11) NOT NULL,
  `exam_title` varchar(255) NOT NULL,
  `exam_desc` varchar(500) NOT NULL,
  `totalPoints` int(100) NOT NULL,
  `passing_score` int(255) NOT NULL,
  `totalQuestion` int(100) NOT NULL,
  `course_id` int(11) NOT NULL
) ENGINE=InnoDB DEFAULT CHARSET=utf8mb4;

--
-- Dumping data for table `exam`
--

INSERT INTO `exam` (`exam_id`, `exam_title`, `exam_desc`, `totalPoints`, `passing_score`, `totalQuestion`, `course_id`) VALUES
(1, 'Lesson 1 - Circle Quiz', 'Evaluate the student learning in circles', 110, 80, 11, 3);

-- --------------------------------------------------------

--
-- Table structure for table `examquestion_attempt`
--

CREATE TABLE `examquestion_attempt` (
  `eqa_id` int(11) NOT NULL,
  `studen_id` int(11) NOT NULL,
  `exam_id` int(11) NOT NULL,
  `examitem_id` int(11) NOT NULL,
  `status` int(255) NOT NULL,
  `eqa_date` timestamp NOT NULL DEFAULT current_timestamp() ON UPDATE current_timestamp()
) ENGINE=InnoDB DEFAULT CHARSET=utf8mb4;

-- --------------------------------------------------------

--
-- Table structure for table `exam_attempt`
--

CREATE TABLE `exam_attempt` (
  `examAttempt_id` int(11) NOT NULL,
  `student_id` int(11) NOT NULL,
  `exam_id` int(11) NOT NULL,
  `status` int(255) NOT NULL,
  `exattempt_date` timestamp NOT NULL DEFAULT current_timestamp() ON UPDATE current_timestamp()
) ENGINE=InnoDB DEFAULT CHARSET=utf8mb4;

--
-- Dumping data for table `exam_attempt`
--

INSERT INTO `exam_attempt` (`examAttempt_id`, `student_id`, `exam_id`, `status`, `exattempt_date`) VALUES
(54, 232, 1, 1, '2022-12-13 20:02:02'),
(55, 236, 1, 1, '2022-12-13 20:03:21'),
(56, 237, 1, 1, '2022-12-13 20:03:55'),
(57, 240, 1, 1, '2022-12-13 20:04:17'),
(58, 238, 1, 1, '2022-12-13 20:04:18'),
(59, 230, 1, 1, '2022-12-13 20:04:24'),
(60, 229, 1, 1, '2022-12-13 20:04:37'),
(61, 235, 1, 1, '2022-12-13 20:04:38'),
(62, 234, 1, 1, '2022-12-13 20:05:19'),
(63, 231, 1, 1, '2022-12-13 20:06:02'),
(64, 233, 1, 1, '2022-12-13 20:08:32'),
(65, 239, 1, 1, '2022-12-13 20:14:05'),
(66, 240, 1, 1, '2022-12-13 20:14:23'),
(67, 240, 1, 1, '2022-12-13 20:16:12'),
(68, 235, 1, 1, '2022-12-13 20:17:17'),
(69, 237, 1, 1, '2022-12-13 20:17:44'),
(70, 237, 1, 1, '2022-12-13 20:19:26'),
(71, 238, 1, 1, '2022-12-13 20:22:00'),
(72, 241, 1, 1, '2022-12-13 20:22:59');

-- --------------------------------------------------------

--
-- Table structure for table `exam_correct`
--

CREATE TABLE `exam_correct` (
  `examcorrect_id` int(11) NOT NULL,
  `student_id` int(11) NOT NULL,
  `exam_id` int(11) NOT NULL,
  `examitem_id` int(11) NOT NULL,
  `points` int(255) NOT NULL,
  `hint_attempt` int(100) NOT NULL,
  `excorrect_date` timestamp NOT NULL DEFAULT current_timestamp() ON UPDATE current_timestamp()
) ENGINE=InnoDB DEFAULT CHARSET=utf8mb4;

--
-- Dumping data for table `exam_correct`
--

INSERT INTO `exam_correct` (`examcorrect_id`, `student_id`, `exam_id`, `examitem_id`, `points`, `hint_attempt`, `excorrect_date`) VALUES
(273, 232, 1, 1, 10, 0, '2022-12-13 20:02:18'),
(274, 232, 1, 2, 10, 0, '2022-12-13 20:02:37'),
(275, 232, 1, 3, 10, 0, '2022-12-13 20:02:47'),
(276, 232, 1, 4, 5, 1, '2022-12-13 20:03:45'),
(277, 232, 1, 5, 9, 0, '2022-12-13 20:03:59'),
(278, 236, 1, 1, 5, 1, '2022-12-13 20:04:11'),
(279, 237, 1, 1, 10, 0, '2022-12-13 20:04:11'),
(280, 232, 1, 6, 6, 0, '2022-12-13 20:04:15'),
(281, 232, 1, 7, 8, 0, '2022-12-13 20:04:26'),
(282, 237, 1, 2, 9, 0, '2022-12-13 20:04:40'),
(283, 236, 1, 2, 5, 0, '2022-12-13 20:04:45'),
(284, 230, 1, 1, 6, 1, '2022-12-13 20:04:46'),
(285, 235, 1, 1, 10, 0, '2022-12-13 20:04:54'),
(286, 230, 1, 2, 10, 0, '2022-12-13 20:04:56'),
(287, 230, 1, 3, 10, 0, '2022-12-13 20:05:00'),
(288, 232, 1, 8, 5, 1, '2022-12-13 20:05:01'),
(289, 236, 1, 3, 5, 0, '2022-12-13 20:05:02'),
(290, 235, 1, 2, 10, 0, '2022-12-13 20:05:18'),
(291, 236, 1, 4, 5, 0, '2022-12-13 20:05:22'),
(292, 230, 1, 4, 7, 0, '2022-12-13 20:05:22'),
(293, 232, 1, 9, 7, 1, '2022-12-13 20:05:25'),
(294, 234, 1, 1, 10, 0, '2022-12-13 20:05:29'),
(295, 230, 1, 5, 8, 0, '2022-12-13 20:05:36'),
(296, 237, 1, 3, 6, 1, '2022-12-13 20:05:38'),
(297, 238, 1, 1, 9, 0, '2022-12-13 20:05:40'),
(298, 235, 1, 3, 9, 0, '2022-12-13 20:05:40'),
(299, 236, 1, 5, 8, 0, '2022-12-13 20:05:46'),
(300, 232, 1, 10, 8, 0, '2022-12-13 20:05:48'),
(301, 235, 1, 4, 10, 0, '2022-12-13 20:05:49'),
(302, 234, 1, 2, 9, 0, '2022-12-13 20:05:57'),
(303, 229, 1, 1, 5, 1, '2022-12-13 20:05:58'),
(304, 229, 1, 1, 10, 1, '2022-12-13 20:05:58'),
(305, 237, 1, 4, 5, 0, '2022-12-13 20:05:58'),
(306, 236, 1, 6, 6, 0, '2022-12-13 20:06:00'),
(307, 238, 1, 2, 5, 0, '2022-12-13 20:06:09'),
(308, 234, 1, 3, 10, 0, '2022-12-13 20:06:10'),
(309, 229, 1, 2, 5, 0, '2022-12-13 20:06:15'),
(310, 230, 1, 6, 5, 1, '2022-12-13 20:06:19'),
(311, 231, 1, 1, 10, 0, '2022-12-13 20:06:20'),
(312, 229, 1, 3, 10, 0, '2022-12-13 20:06:20'),
(313, 229, 1, 3, 10, 0, '2022-12-13 20:06:21'),
(314, 236, 1, 7, 5, 0, '2022-12-13 20:06:23'),
(315, 237, 1, 5, 5, 1, '2022-12-13 20:06:24'),
(316, 237, 1, 5, 5, 1, '2022-12-13 20:06:24'),
(317, 235, 1, 5, 7, 0, '2022-12-13 20:06:28'),
(318, 234, 1, 4, 10, 0, '2022-12-13 20:06:30'),
(319, 238, 1, 3, 5, 0, '2022-12-13 20:06:32'),
(320, 229, 1, 4, 6, 0, '2022-12-13 20:06:33'),
(321, 229, 1, 4, 10, 0, '2022-12-13 20:06:33'),
(322, 229, 1, 4, 10, 0, '2022-12-13 20:06:33'),
(323, 231, 1, 2, 10, 0, '2022-12-13 20:06:34'),
(324, 230, 1, 7, 9, 0, '2022-12-13 20:06:36'),
(325, 238, 1, 4, 8, 0, '2022-12-13 20:06:41'),
(326, 232, 1, 11, 5, 1, '2022-12-13 20:06:44'),
(327, 230, 1, 8, 9, 0, '2022-12-13 20:06:44'),
(328, 236, 1, 8, 5, 0, '2022-12-13 20:06:46'),
(329, 229, 1, 5, 5, 0, '2022-12-13 20:06:46'),
(330, 229, 1, 5, 10, 0, '2022-12-13 20:06:46'),
(331, 234, 1, 5, 9, 0, '2022-12-13 20:06:47'),
(332, 230, 1, 9, 10, 0, '2022-12-13 20:06:50'),
(333, 238, 1, 5, 7, 0, '2022-12-13 20:06:52'),
(334, 236, 1, 9, 9, 0, '2022-12-13 20:06:52'),
(335, 237, 1, 6, 5, 0, '2022-12-13 20:06:53'),
(336, 230, 1, 10, 10, 0, '2022-12-13 20:06:54'),
(337, 234, 1, 6, 10, 0, '2022-12-13 20:06:57'),
(338, 230, 1, 11, 10, 0, '2022-12-13 20:06:59'),
(339, 237, 1, 7, 6, 0, '2022-12-13 20:07:07'),
(340, 238, 1, 6, 5, 0, '2022-12-13 20:07:12'),
(341, 234, 1, 7, 8, 0, '2022-12-13 20:07:14'),
(342, 238, 1, 7, 9, 0, '2022-12-13 20:07:19'),
(343, 236, 1, 10, 5, 0, '2022-12-13 20:07:19'),
(344, 229, 1, 6, 5, 1, '2022-12-13 20:07:24'),
(345, 234, 1, 8, 9, 0, '2022-12-13 20:07:28'),
(346, 238, 1, 8, 5, 0, '2022-12-13 20:07:36'),
(347, 236, 1, 11, 5, 0, '2022-12-13 20:07:37'),
(348, 229, 1, 7, 5, 0, '2022-12-13 20:07:38'),
(349, 229, 1, 7, 10, 0, '2022-12-13 20:07:38'),
(350, 229, 1, 7, 10, 0, '2022-12-13 20:07:38'),
(351, 235, 1, 6, 5, 1, '2022-12-13 20:07:38'),
(352, 234, 1, 9, 9, 0, '2022-12-13 20:07:42'),
(353, 237, 1, 8, 5, 0, '2022-12-13 20:07:43'),
(354, 238, 1, 9, 6, 0, '2022-12-13 20:07:50'),
(355, 235, 1, 7, 9, 0, '2022-12-13 20:07:52'),
(356, 229, 1, 8, 5, 0, '2022-12-13 20:07:53'),
(357, 229, 1, 8, 10, 0, '2022-12-13 20:07:54'),
(358, 229, 1, 8, 10, 0, '2022-12-13 20:07:54'),
(359, 238, 1, 10, 8, 0, '2022-12-13 20:07:56'),
(360, 238, 1, 11, 10, 0, '2022-12-13 20:07:59'),
(361, 234, 1, 10, 7, 0, '2022-12-13 20:08:01'),
(362, 237, 1, 9, 9, 0, '2022-12-13 20:08:02'),
(363, 229, 1, 9, 5, 0, '2022-12-13 20:08:10'),
(364, 237, 1, 10, 8, 0, '2022-12-13 20:08:12'),
(365, 235, 1, 8, 6, 0, '2022-12-13 20:08:13'),
(366, 229, 1, 10, 9, 0, '2022-12-13 20:08:13'),
(367, 237, 1, 11, 8, 0, '2022-12-13 20:08:23'),
(368, 235, 1, 9, 9, 0, '2022-12-13 20:08:25'),
(369, 229, 1, 11, 5, 0, '2022-12-13 20:08:26'),
(370, 235, 1, 10, 6, 0, '2022-12-13 20:08:41'),
(371, 234, 1, 11, 5, 0, '2022-12-13 20:08:48'),
(372, 231, 1, 3, 5, 1, '2022-12-13 20:08:52'),
(373, 233, 1, 1, 6, 1, '2022-12-13 20:09:06'),
(374, 233, 1, 2, 10, 0, '2022-12-13 20:09:12'),
(375, 235, 1, 11, 5, 0, '2022-12-13 20:09:14'),
(376, 233, 1, 3, 10, 0, '2022-12-13 20:09:18'),
(377, 231, 1, 4, 5, 1, '2022-12-13 20:09:43'),
(378, 233, 1, 4, 6, 1, '2022-12-13 20:09:47'),
(379, 233, 1, 5, 8, 0, '2022-12-13 20:10:03'),
(380, 231, 1, 5, 10, 0, '2022-12-13 20:10:14'),
(381, 233, 1, 6, 10, 0, '2022-12-13 20:10:16'),
(382, 231, 1, 6, 9, 0, '2022-12-13 20:10:23'),
(383, 233, 1, 7, 9, 0, '2022-12-13 20:10:27'),
(384, 233, 1, 8, 10, 0, '2022-12-13 20:10:32'),
(385, 231, 1, 7, 9, 0, '2022-12-13 20:10:33'),
(386, 233, 1, 9, 8, 0, '2022-12-13 20:10:47'),
(387, 231, 1, 8, 6, 0, '2022-12-13 20:10:48'),
(388, 231, 1, 8, 10, 0, '2022-12-13 20:10:48'),
(389, 231, 1, 9, 9, 0, '2022-12-13 20:10:53'),
(390, 233, 1, 10, 10, 0, '2022-12-13 20:10:54'),
(391, 233, 1, 10, 10, 0, '2022-12-13 20:10:55'),
(392, 233, 1, 11, 10, 0, '2022-12-13 20:10:59'),
(393, 231, 1, 10, 8, 0, '2022-12-13 20:11:02'),
(394, 231, 1, 11, 10, 0, '2022-12-13 20:11:05'),
(395, 239, 1, 1, 10, 0, '2022-12-13 20:14:39'),
(396, 239, 1, 2, 8, 0, '2022-12-13 20:15:41'),
(397, 240, 1, 1, 9, 0, '2022-12-13 20:16:20'),
(398, 239, 1, 3, 6, 0, '2022-12-13 20:16:31'),
(399, 240, 1, 2, 10, 0, '2022-12-13 20:16:32'),
(400, 240, 1, 3, 5, 0, '2022-12-13 20:17:07'),
(401, 239, 1, 4, 9, 0, '2022-12-13 20:17:19'),
(402, 240, 1, 4, 10, 0, '2022-12-13 20:17:21'),
(403, 235, 1, 1, 9, 0, '2022-12-13 20:17:23'),
(404, 235, 1, 2, 10, 0, '2022-12-13 20:17:33'),
(405, 239, 1, 5, 10, 0, '2022-12-13 20:17:35'),
(406, 235, 1, 3, 10, 0, '2022-12-13 20:17:39'),
(407, 239, 1, 6, 10, 0, '2022-12-13 20:17:41'),
(408, 237, 1, 1, 10, 0, '2022-12-13 20:17:46'),
(409, 235, 1, 4, 9, 0, '2022-12-13 20:17:50'),
(410, 237, 1, 2, 7, 0, '2022-12-13 20:17:59'),
(411, 235, 1, 5, 10, 0, '2022-12-13 20:18:01'),
(412, 240, 1, 5, 8, 0, '2022-12-13 20:18:02'),
(413, 235, 1, 6, 10, 0, '2022-12-13 20:18:10'),
(414, 235, 1, 7, 10, 0, '2022-12-13 20:18:14'),
(415, 239, 1, 7, 7, 0, '2022-12-13 20:18:21'),
(416, 235, 1, 8, 10, 0, '2022-12-13 20:18:22'),
(417, 237, 1, 3, 5, 0, '2022-12-13 20:18:26'),
(418, 237, 1, 4, 10, 0, '2022-12-13 20:18:29'),
(419, 237, 1, 5, 10, 0, '2022-12-13 20:18:36'),
(420, 235, 1, 9, 7, 0, '2022-12-13 20:18:38'),
(421, 237, 1, 6, 10, 0, '2022-12-13 20:18:40'),
(422, 239, 1, 8, 7, 0, '2022-12-13 20:18:40'),
(423, 237, 1, 7, 10, 0, '2022-12-13 20:18:43'),
(424, 235, 1, 10, 10, 0, '2022-12-13 20:18:46'),
(425, 237, 1, 8, 10, 0, '2022-12-13 20:18:47'),
(426, 239, 1, 9, 8, 0, '2022-12-13 20:18:55'),
(427, 237, 1, 9, 7, 0, '2022-12-13 20:18:55'),
(428, 237, 1, 10, 10, 0, '2022-12-13 20:18:58'),
(429, 235, 1, 11, 7, 0, '2022-12-13 20:19:08'),
(430, 240, 1, 6, 8, 0, '2022-12-13 20:19:12'),
(431, 237, 1, 11, 5, 0, '2022-12-13 20:19:15'),
(432, 239, 1, 10, 6, 0, '2022-12-13 20:19:21'),
(433, 239, 1, 11, 10, 0, '2022-12-13 20:19:29'),
(434, 237, 1, 1, 10, 0, '2022-12-13 20:19:29'),
(435, 240, 1, 7, 8, 0, '2022-12-13 20:19:33'),
(436, 237, 1, 2, 5, 0, '2022-12-13 20:19:42'),
(437, 237, 1, 3, 10, 0, '2022-12-13 20:19:46'),
(438, 240, 1, 8, 10, 0, '2022-12-13 20:19:46'),
(439, 237, 1, 4, 5, 1, '2022-12-13 20:20:09'),
(440, 240, 1, 9, 8, 0, '2022-12-13 20:20:11'),
(441, 237, 1, 5, 8, 0, '2022-12-13 20:20:19'),
(442, 237, 1, 6, 8, 0, '2022-12-13 20:20:29'),
(443, 240, 1, 10, 8, 0, '2022-12-13 20:20:31'),
(444, 237, 1, 7, 8, 0, '2022-12-13 20:20:39'),
(445, 240, 1, 11, 8, 0, '2022-12-13 20:20:46'),
(446, 237, 1, 8, 6, 1, '2022-12-13 20:21:00'),
(447, 237, 1, 9, 10, 0, '2022-12-13 20:21:04'),
(448, 237, 1, 10, 6, 0, '2022-12-13 20:21:15'),
(449, 237, 1, 11, 7, 1, '2022-12-13 20:21:36'),
(450, 238, 1, 1, 5, 0, '2022-12-13 20:22:16'),
(451, 238, 1, 2, 5, 0, '2022-12-13 20:22:39'),
(452, 241, 1, 1, 9, 0, '2022-12-13 20:23:14'),
(453, 241, 1, 2, 5, 0, '2022-12-13 20:24:35'),
(454, 241, 1, 3, 10, 0, '2022-12-13 20:24:49'),
(455, 241, 1, 4, 10, 0, '2022-12-13 20:25:01'),
(456, 241, 1, 5, 9, 0, '2022-12-13 20:25:14'),
(457, 241, 1, 6, 10, 0, '2022-12-13 20:25:21'),
(458, 241, 1, 7, 5, 0, '2022-12-13 20:27:23'),
(459, 241, 1, 8, 10, 0, '2022-12-13 20:27:31'),
(460, 241, 1, 9, 10, 0, '2022-12-13 20:27:39'),
(461, 241, 1, 10, 10, 0, '2022-12-13 20:27:45'),
(462, 241, 1, 11, 10, 0, '2022-12-13 20:27:55');

-- --------------------------------------------------------

--
-- Table structure for table `exam_items`
--

CREATE TABLE `exam_items` (
  `examitem_id` int(11) NOT NULL,
  `question` varchar(500) NOT NULL,
  `exam_ch1` varchar(255) NOT NULL,
  `exam_ch2` varchar(255) NOT NULL,
  `exam_ch3` varchar(255) NOT NULL,
  `exam_ch4` varchar(255) NOT NULL,
  `answerkey` varchar(255) NOT NULL,
  `hint` varchar(255) NOT NULL,
  `exam_id` int(11) NOT NULL
) ENGINE=InnoDB DEFAULT CHARSET=utf8mb4;

--
-- Dumping data for table `exam_items`
--

INSERT INTO `exam_items` (`examitem_id`, `question`, `exam_ch1`, `exam_ch2`, `exam_ch3`, `exam_ch4`, `answerkey`, `hint`, `exam_id`) VALUES
(1, ' It is the intersection of a plane and a double-napped cone.', 'locus', 'conic section', 'circle', 'radius', 'conic section', 'Two connecting cones', 1),
(2, 'A collection of points satisfying a geometric property can also be \r\nreferred to as a ______ of points.\r\n', 'locus', 'conic section', 'circle', 'radius', 'locus', 'Collection of points', 1),
(3, 'A ____________ is the set of all points (x, y) in a plane that are\r\nequidistant from a fixed point, called the center.', 'locus', 'conic section', 'circle', 'radius', 'circle', 'A cone with fixed point and center', 1),
(4, 'A/n ____________ is the set of all points in the plane that are equidistant from a fixed point F(called the focus) and a fixed line or (called the directrix).', 'circle', 'ellipse', 'parabola', 'hyperbola', 'parabola', 'A cone that contains vertex', 1),
(5, 'A/n ___________ is the set of all points in the plane the sum of \r\nwhose distances from two fixed points \\(F_{1}\\) and \\(F_{2}\\) is a constant.', 'circle', 'ellipse', 'parabola', 'hyperbola\r\n', 'ellipse', 'It is an elongated circle', 1),
(6, 'A/n ____________ is the set of all points in the plane, the difference \r\nof whose distances from two fixed points \\(F_{1}\\) and \\(F_{2}\\) is a constant.\r\n', 'circle', 'ellipse', 'parabola ', 'hyperbola', 'hyperbola', 'A cone with two opposite parabolas', 1),
(7, '\\(6x^2+12x+6y^2-8y=100\\) is an example of a', 'Circle', 'parabola ', 'ellipse', 'hyperbola', 'Circle', 'x and y have squares and its coefficients are equal', 1),
(8, '\\(4x^2+12x+y^2-8y=64\\) is an example of a', 'Circle', 'parabola', 'ellipse', 'hyperbola', 'ellipse', 'x and y have squares but its coefficients are equal and the sign between', 1),
(9, '\\(6y=3x^2−15\\) is an example of a', 'Circle', 'parabola', 'ellipse', 'hyperbola', 'parabola', 'Only one variable (either x or y) has a square', 1),
(10, '\\(2x^2+87x-25=y^2+4y\\) is an example of a', 'Circle', 'parabola', 'ellipse', 'hyperbola', 'hyperbola', 'x and y have squares, coefficients are different, the sign between them is subtraction', 1),
(11, '\\(6x^2-15x=3y^2+4y+13\\) is an example of a', 'Circle', 'parabola', 'ellipse', 'hyperbola', 'hyperbola', 'x and y have squares, coefficients are different, the sign between them is subtraction.', 1);

-- --------------------------------------------------------

--
-- Table structure for table `exam_mistakes`
--

CREATE TABLE `exam_mistakes` (
  `mistake_id` int(11) NOT NULL,
  `student_id` int(11) NOT NULL,
  `examitem_id` int(11) NOT NULL,
  `exam_id` int(11) NOT NULL,
  `answer_input` varchar(100) NOT NULL,
  `mistakes` int(11) NOT NULL,
  `examistakes_date` timestamp NOT NULL DEFAULT current_timestamp() ON UPDATE current_timestamp()
) ENGINE=InnoDB DEFAULT CHARSET=utf8mb4;

--
-- Dumping data for table `exam_mistakes`
--

INSERT INTO `exam_mistakes` (`mistake_id`, `student_id`, `examitem_id`, `exam_id`, `answer_input`, `mistakes`, `examistakes_date`) VALUES
(601, 232, 4, 1, 'circle', 1, '2022-12-13 20:03:00'),
(602, 232, 4, 1, 'hyperbola', 1, '2022-12-13 20:03:16'),
(603, 232, 4, 1, 'circle', 1, '2022-12-13 20:03:25'),
(604, 232, 4, 1, 'ellipse', 1, '2022-12-13 20:03:34'),
(605, 232, 4, 1, 'circle', 1, '2022-12-13 20:03:37'),
(606, 232, 4, 1, '', 1, '2022-12-13 20:03:40'),
(607, 232, 4, 1, 'hyperbola', 1, '2022-12-13 20:03:43'),
(608, 236, 1, 1, 'locus', 1, '2022-12-13 20:03:43'),
(609, 236, 1, 1, 'locus', 1, '2022-12-13 20:03:48'),
(610, 232, 5, 1, 'hyperbola\r\n', 1, '2022-12-13 20:03:55'),
(611, 236, 1, 1, 'locus', 1, '2022-12-13 20:03:56'),
(612, 232, 6, 1, '', 1, '2022-12-13 20:04:03'),
(613, 236, 1, 1, '', 1, '2022-12-13 20:04:05'),
(614, 232, 6, 1, 'circle', 1, '2022-12-13 20:04:08'),
(615, 236, 1, 1, 'locus', 1, '2022-12-13 20:04:09'),
(616, 232, 6, 1, 'circle', 1, '2022-12-13 20:04:11'),
(617, 232, 6, 1, 'circle', 1, '2022-12-13 20:04:13'),
(618, 236, 2, 1, 'conic section', 1, '2022-12-13 20:04:16'),
(619, 236, 2, 1, 'conic section', 1, '2022-12-13 20:04:20'),
(620, 232, 7, 1, 'parabola ', 1, '2022-12-13 20:04:20'),
(621, 238, 1, 1, '', 1, '2022-12-13 20:04:20'),
(622, 232, 7, 1, '', 1, '2022-12-13 20:04:24'),
(623, 236, 2, 1, 'radius', 1, '2022-12-13 20:04:24'),
(624, 237, 2, 1, 'conic section', 1, '2022-12-13 20:04:28'),
(625, 230, 1, 1, 'locus', 1, '2022-12-13 20:04:29'),
(626, 232, 8, 1, '', 1, '2022-12-13 20:04:30'),
(627, 230, 1, 1, 'locus', 1, '2022-12-13 20:04:32'),
(628, 232, 8, 1, '', 1, '2022-12-13 20:04:34'),
(629, 230, 1, 1, 'locus', 1, '2022-12-13 20:04:36'),
(630, 232, 8, 1, 'hyperbola', 1, '2022-12-13 20:04:38'),
(631, 236, 2, 1, 'radius', 1, '2022-12-13 20:04:38'),
(632, 230, 1, 1, '', 1, '2022-12-13 20:04:38'),
(633, 236, 2, 1, 'circle', 1, '2022-12-13 20:04:40'),
(634, 236, 2, 1, 'conic section', 1, '2022-12-13 20:04:42'),
(635, 232, 8, 1, 'parabola', 1, '2022-12-13 20:04:44'),
(636, 232, 8, 1, '', 1, '2022-12-13 20:04:47'),
(637, 236, 3, 1, 'locus', 1, '2022-12-13 20:04:49'),
(638, 232, 8, 1, 'Circle', 1, '2022-12-13 20:04:49'),
(639, 236, 3, 1, 'conic section', 1, '2022-12-13 20:04:52'),
(640, 232, 8, 1, 'hyperbola', 1, '2022-12-13 20:04:52'),
(641, 236, 3, 1, 'radius', 1, '2022-12-13 20:04:53'),
(642, 229, 1, 1, 'circle', 1, '2022-12-13 20:04:54'),
(643, 236, 3, 1, 'conic section', 1, '2022-12-13 20:04:55'),
(644, 232, 8, 1, 'hyperbola', 1, '2022-12-13 20:04:56'),
(645, 236, 3, 1, 'conic section', 1, '2022-12-13 20:04:57'),
(646, 232, 8, 1, 'parabola', 1, '2022-12-13 20:04:58'),
(647, 229, 1, 1, 'radius', 1, '2022-12-13 20:04:59'),
(648, 236, 3, 1, 'locus', 1, '2022-12-13 20:05:00'),
(649, 229, 1, 1, 'circle', 1, '2022-12-13 20:05:03'),
(650, 237, 3, 1, 'conic section', 1, '2022-12-13 20:05:03'),
(651, 237, 3, 1, 'conic section', 1, '2022-12-13 20:05:03'),
(652, 232, 9, 1, '', 1, '2022-12-13 20:05:04'),
(653, 229, 1, 1, 'locus', 1, '2022-12-13 20:05:05'),
(654, 232, 9, 1, '', 1, '2022-12-13 20:05:07'),
(655, 229, 1, 1, 'circle', 1, '2022-12-13 20:05:07'),
(656, 229, 1, 1, 'radius', 1, '2022-12-13 20:05:09'),
(657, 236, 4, 1, 'ellipse', 1, '2022-12-13 20:05:10'),
(658, 232, 9, 1, 'hyperbola', 1, '2022-12-13 20:05:10'),
(659, 230, 4, 1, '', 1, '2022-12-13 20:05:11'),
(660, 236, 4, 1, 'ellipse', 1, '2022-12-13 20:05:11'),
(661, 236, 4, 1, 'hyperbola', 1, '2022-12-13 20:05:14'),
(662, 230, 4, 1, '', 1, '2022-12-13 20:05:16'),
(663, 236, 4, 1, 'circle', 1, '2022-12-13 20:05:16'),
(664, 230, 4, 1, 'circle', 1, '2022-12-13 20:05:18'),
(665, 236, 4, 1, 'hyperbola', 1, '2022-12-13 20:05:20'),
(666, 229, 1, 1, 'locus', 1, '2022-12-13 20:05:21'),
(667, 237, 3, 1, 'conic section', 1, '2022-12-13 20:05:21'),
(668, 230, 5, 1, '', 1, '2022-12-13 20:05:29'),
(669, 235, 3, 1, '', 1, '2022-12-13 20:05:30'),
(670, 237, 3, 1, 'conic section', 1, '2022-12-13 20:05:34'),
(671, 230, 5, 1, 'parabola', 1, '2022-12-13 20:05:36'),
(672, 232, 10, 1, 'parabola', 1, '2022-12-13 20:05:36'),
(673, 236, 5, 1, 'parabola', 1, '2022-12-13 20:05:40'),
(674, 237, 4, 1, '', 1, '2022-12-13 20:05:42'),
(675, 236, 5, 1, 'circle', 1, '2022-12-13 20:05:44'),
(676, 232, 10, 1, '', 1, '2022-12-13 20:05:44'),
(677, 234, 2, 1, 'radius', 1, '2022-12-13 20:05:45'),
(678, 237, 4, 1, 'hyperbola', 1, '2022-12-13 20:05:45'),
(679, 230, 6, 1, '', 1, '2022-12-13 20:05:45'),
(680, 237, 4, 1, '', 1, '2022-12-13 20:05:48'),
(681, 230, 6, 1, '', 1, '2022-12-13 20:05:50'),
(682, 236, 6, 1, 'circle', 1, '2022-12-13 20:05:50'),
(683, 237, 4, 1, 'ellipse', 1, '2022-12-13 20:05:51'),
(684, 238, 2, 1, 'conic section', 1, '2022-12-13 20:05:52'),
(685, 236, 6, 1, 'circle', 1, '2022-12-13 20:05:52'),
(686, 229, 1, 1, 'locus', 1, '2022-12-13 20:05:54'),
(687, 238, 2, 1, 'radius', 1, '2022-12-13 20:05:55'),
(688, 237, 4, 1, 'circle', 1, '2022-12-13 20:05:55'),
(689, 230, 6, 1, '', 1, '2022-12-13 20:05:55'),
(690, 236, 6, 1, 'circle', 1, '2022-12-13 20:05:55'),
(691, 238, 2, 1, 'conic section', 1, '2022-12-13 20:05:57'),
(692, 236, 6, 1, '', 1, '2022-12-13 20:05:57'),
(693, 232, 11, 1, '', 1, '2022-12-13 20:05:58'),
(694, 238, 2, 1, 'circle', 1, '2022-12-13 20:05:59'),
(695, 230, 6, 1, 'parabola ', 1, '2022-12-13 20:06:01'),
(696, 238, 2, 1, 'radius', 1, '2022-12-13 20:06:02'),
(697, 229, 2, 1, 'conic section', 1, '2022-12-13 20:06:02'),
(698, 236, 7, 1, 'ellipse', 1, '2022-12-13 20:06:03'),
(699, 237, 5, 1, 'hyperbola\r\n', 1, '2022-12-13 20:06:03'),
(700, 238, 2, 1, 'circle', 1, '2022-12-13 20:06:04'),
(701, 229, 2, 1, '', 1, '2022-12-13 20:06:04'),
(702, 230, 6, 1, 'ellipse', 1, '2022-12-13 20:06:05'),
(703, 236, 7, 1, 'hyperbola', 1, '2022-12-13 20:06:05'),
(704, 237, 5, 1, 'circle', 1, '2022-12-13 20:06:06'),
(705, 238, 2, 1, 'conic section', 1, '2022-12-13 20:06:06'),
(706, 235, 5, 1, 'hyperbola\r\n', 1, '2022-12-13 20:06:07'),
(707, 229, 2, 1, 'conic section', 1, '2022-12-13 20:06:07'),
(708, 229, 2, 1, 'conic section', 1, '2022-12-13 20:06:07'),
(709, 237, 5, 1, '', 1, '2022-12-13 20:06:08'),
(710, 229, 2, 1, 'circle', 1, '2022-12-13 20:06:09'),
(711, 236, 7, 1, 'ellipse', 1, '2022-12-13 20:06:10'),
(712, 229, 2, 1, 'conic section', 1, '2022-12-13 20:06:11'),
(713, 232, 11, 1, 'Circle', 1, '2022-12-13 20:06:12'),
(714, 236, 7, 1, '', 1, '2022-12-13 20:06:13'),
(715, 229, 2, 1, 'radius', 1, '2022-12-13 20:06:14'),
(716, 229, 2, 1, 'radius', 1, '2022-12-13 20:06:14'),
(717, 236, 7, 1, 'parabola ', 1, '2022-12-13 20:06:15'),
(718, 232, 11, 1, 'Circle', 1, '2022-12-13 20:06:16'),
(719, 237, 5, 1, 'circle', 1, '2022-12-13 20:06:16'),
(720, 236, 7, 1, 'ellipse', 1, '2022-12-13 20:06:17'),
(721, 238, 3, 1, 'conic section', 1, '2022-12-13 20:06:17'),
(722, 235, 5, 1, 'parabola', 1, '2022-12-13 20:06:18'),
(723, 236, 7, 1, 'hyperbola', 1, '2022-12-13 20:06:19'),
(724, 237, 5, 1, 'parabola', 1, '2022-12-13 20:06:19'),
(725, 238, 3, 1, 'conic section', 1, '2022-12-13 20:06:20'),
(726, 232, 11, 1, '', 1, '2022-12-13 20:06:20'),
(727, 237, 5, 1, 'hyperbola\r\n', 1, '2022-12-13 20:06:22'),
(728, 238, 3, 1, 'radius', 1, '2022-12-13 20:06:22'),
(729, 235, 5, 1, 'circle', 1, '2022-12-13 20:06:24'),
(730, 238, 3, 1, 'locus', 1, '2022-12-13 20:06:25'),
(731, 229, 4, 1, 'ellipse', 1, '2022-12-13 20:06:25'),
(732, 238, 3, 1, 'locus', 1, '2022-12-13 20:06:27'),
(733, 237, 6, 1, '', 1, '2022-12-13 20:06:28'),
(734, 229, 4, 1, 'hyperbola', 1, '2022-12-13 20:06:29'),
(735, 238, 3, 1, 'conic section', 1, '2022-12-13 20:06:29'),
(736, 237, 6, 1, '', 1, '2022-12-13 20:06:30'),
(737, 236, 8, 1, 'parabola', 1, '2022-12-13 20:06:31'),
(738, 229, 4, 1, 'ellipse', 1, '2022-12-13 20:06:31'),
(739, 229, 4, 1, 'ellipse', 1, '2022-12-13 20:06:31'),
(740, 230, 7, 1, 'ellipse', 1, '2022-12-13 20:06:32'),
(741, 236, 8, 1, 'parabola', 1, '2022-12-13 20:06:33'),
(742, 237, 6, 1, 'parabola ', 1, '2022-12-13 20:06:33'),
(743, 236, 8, 1, 'hyperbola', 1, '2022-12-13 20:06:35'),
(744, 238, 4, 1, 'ellipse', 1, '2022-12-13 20:06:37'),
(745, 229, 5, 1, 'parabola', 1, '2022-12-13 20:06:37'),
(746, 237, 6, 1, '', 1, '2022-12-13 20:06:37'),
(747, 229, 5, 1, 'parabola', 1, '2022-12-13 20:06:37'),
(748, 236, 8, 1, 'Circle', 1, '2022-12-13 20:06:39'),
(749, 229, 5, 1, 'parabola', 1, '2022-12-13 20:06:39'),
(750, 238, 4, 1, 'ellipse', 1, '2022-12-13 20:06:39'),
(751, 229, 5, 1, 'parabola', 1, '2022-12-13 20:06:39'),
(752, 234, 5, 1, '', 1, '2022-12-13 20:06:40'),
(753, 230, 8, 1, 'Circle', 1, '2022-12-13 20:06:40'),
(754, 237, 6, 1, 'circle', 1, '2022-12-13 20:06:41'),
(755, 229, 5, 1, 'hyperbola\r\n', 1, '2022-12-13 20:06:41'),
(756, 232, 11, 1, 'Circle', 1, '2022-12-13 20:06:41'),
(757, 229, 5, 1, 'hyperbola\r\n', 1, '2022-12-13 20:06:41'),
(758, 236, 8, 1, 'Circle', 1, '2022-12-13 20:06:41'),
(759, 237, 6, 1, 'parabola ', 1, '2022-12-13 20:06:43'),
(760, 236, 8, 1, 'parabola', 1, '2022-12-13 20:06:43'),
(761, 229, 5, 1, 'circle', 1, '2022-12-13 20:06:44'),
(762, 238, 5, 1, 'parabola', 1, '2022-12-13 20:06:45'),
(763, 235, 6, 1, 'ellipse', 1, '2022-12-13 20:06:45'),
(764, 238, 5, 1, 'circle', 1, '2022-12-13 20:06:47'),
(765, 237, 6, 1, 'ellipse', 1, '2022-12-13 20:06:47'),
(766, 238, 5, 1, 'circle', 1, '2022-12-13 20:06:49'),
(767, 236, 9, 1, 'hyperbola', 1, '2022-12-13 20:06:50'),
(768, 229, 6, 1, 'circle', 1, '2022-12-13 20:06:51'),
(769, 229, 6, 1, 'circle', 1, '2022-12-13 20:06:52'),
(770, 235, 6, 1, '', 1, '2022-12-13 20:06:52'),
(771, 229, 6, 1, 'circle', 1, '2022-12-13 20:06:54'),
(772, 231, 3, 1, 'radius', 1, '2022-12-13 20:06:54'),
(773, 236, 10, 1, 'parabola', 1, '2022-12-13 20:06:55'),
(774, 235, 6, 1, '', 1, '2022-12-13 20:06:56'),
(775, 229, 6, 1, '', 1, '2022-12-13 20:06:56'),
(776, 229, 6, 1, '', 1, '2022-12-13 20:06:56'),
(777, 237, 7, 1, 'parabola ', 1, '2022-12-13 20:06:57'),
(778, 238, 6, 1, 'parabola ', 1, '2022-12-13 20:06:57'),
(779, 236, 10, 1, '', 1, '2022-12-13 20:06:57'),
(780, 229, 6, 1, 'ellipse', 1, '2022-12-13 20:06:58'),
(781, 229, 6, 1, 'ellipse', 1, '2022-12-13 20:06:59'),
(782, 238, 6, 1, 'circle', 1, '2022-12-13 20:06:59'),
(783, 237, 7, 1, '', 1, '2022-12-13 20:06:59'),
(784, 236, 10, 1, 'parabola', 1, '2022-12-13 20:07:00'),
(785, 229, 6, 1, 'parabola ', 1, '2022-12-13 20:07:01'),
(786, 238, 6, 1, 'circle', 1, '2022-12-13 20:07:01'),
(787, 229, 6, 1, 'parabola ', 1, '2022-12-13 20:07:01'),
(788, 229, 6, 1, 'parabola ', 1, '2022-12-13 20:07:01'),
(789, 237, 7, 1, '', 1, '2022-12-13 20:07:02'),
(790, 235, 6, 1, 'circle', 1, '2022-12-13 20:07:02'),
(791, 238, 6, 1, 'ellipse', 1, '2022-12-13 20:07:03'),
(792, 229, 6, 1, '', 1, '2022-12-13 20:07:03'),
(793, 236, 10, 1, 'parabola', 1, '2022-12-13 20:07:04'),
(794, 234, 7, 1, '', 1, '2022-12-13 20:07:04'),
(795, 237, 7, 1, 'hyperbola', 1, '2022-12-13 20:07:04'),
(796, 231, 3, 1, '', 1, '2022-12-13 20:07:04'),
(797, 229, 6, 1, 'circle', 1, '2022-12-13 20:07:05'),
(798, 238, 6, 1, 'parabola ', 1, '2022-12-13 20:07:05'),
(799, 229, 6, 1, 'parabola ', 1, '2022-12-13 20:07:07'),
(800, 238, 6, 1, 'ellipse', 1, '2022-12-13 20:07:07'),
(801, 234, 7, 1, 'parabola ', 1, '2022-12-13 20:07:09'),
(802, 229, 6, 1, '', 1, '2022-12-13 20:07:09'),
(803, 238, 6, 1, 'circle', 1, '2022-12-13 20:07:09'),
(804, 236, 10, 1, 'Circle', 1, '2022-12-13 20:07:11'),
(805, 229, 6, 1, 'circle', 1, '2022-12-13 20:07:12'),
(806, 229, 6, 1, 'circle', 1, '2022-12-13 20:07:12'),
(807, 236, 10, 1, 'parabola', 1, '2022-12-13 20:07:13'),
(808, 236, 10, 1, 'ellipse', 1, '2022-12-13 20:07:16'),
(809, 231, 3, 1, 'conic section', 1, '2022-12-13 20:07:17'),
(810, 238, 7, 1, 'hyperbola', 1, '2022-12-13 20:07:17'),
(811, 237, 8, 1, '', 1, '2022-12-13 20:07:19'),
(812, 229, 6, 1, 'ellipse', 1, '2022-12-13 20:07:19'),
(813, 235, 6, 1, 'parabola ', 1, '2022-12-13 20:07:20'),
(814, 229, 6, 1, '', 1, '2022-12-13 20:07:22'),
(815, 229, 6, 1, '', 1, '2022-12-13 20:07:22'),
(816, 237, 8, 1, 'parabola', 1, '2022-12-13 20:07:22'),
(817, 229, 6, 1, '', 1, '2022-12-13 20:07:22'),
(818, 234, 8, 1, 'Circle', 1, '2022-12-13 20:07:22'),
(819, 236, 11, 1, 'parabola', 1, '2022-12-13 20:07:22'),
(820, 238, 8, 1, 'hyperbola', 1, '2022-12-13 20:07:23'),
(821, 235, 6, 1, '', 1, '2022-12-13 20:07:23'),
(822, 235, 6, 1, '', 1, '2022-12-13 20:07:23'),
(823, 237, 8, 1, '', 1, '2022-12-13 20:07:25'),
(824, 236, 11, 1, 'parabola', 1, '2022-12-13 20:07:25'),
(825, 238, 8, 1, 'Circle', 1, '2022-12-13 20:07:25'),
(826, 229, 7, 1, 'hyperbola', 1, '2022-12-13 20:07:26'),
(827, 236, 11, 1, '', 1, '2022-12-13 20:07:27'),
(828, 238, 8, 1, 'Circle', 1, '2022-12-13 20:07:27'),
(829, 229, 7, 1, 'hyperbola', 1, '2022-12-13 20:07:27'),
(830, 229, 7, 1, 'hyperbola', 1, '2022-12-13 20:07:28'),
(831, 229, 7, 1, 'hyperbola', 1, '2022-12-13 20:07:28'),
(832, 229, 7, 1, 'hyperbola', 1, '2022-12-13 20:07:28'),
(833, 237, 8, 1, '', 1, '2022-12-13 20:07:28'),
(834, 238, 8, 1, 'Circle', 1, '2022-12-13 20:07:28'),
(835, 229, 7, 1, 'hyperbola', 1, '2022-12-13 20:07:29'),
(836, 229, 7, 1, 'hyperbola', 1, '2022-12-13 20:07:29'),
(837, 236, 11, 1, 'Circle', 1, '2022-12-13 20:07:30'),
(838, 237, 8, 1, 'hyperbola', 1, '2022-12-13 20:07:31'),
(839, 238, 8, 1, 'hyperbola', 1, '2022-12-13 20:07:31'),
(840, 236, 11, 1, 'parabola', 1, '2022-12-13 20:07:32'),
(841, 229, 7, 1, 'ellipse', 1, '2022-12-13 20:07:33'),
(842, 229, 7, 1, 'ellipse', 1, '2022-12-13 20:07:33'),
(843, 238, 8, 1, 'parabola', 1, '2022-12-13 20:07:34'),
(844, 235, 6, 1, '', 1, '2022-12-13 20:07:34'),
(845, 237, 8, 1, 'Circle', 1, '2022-12-13 20:07:34'),
(846, 236, 11, 1, 'ellipse', 1, '2022-12-13 20:07:35'),
(847, 229, 7, 1, 'parabola ', 1, '2022-12-13 20:07:35'),
(848, 229, 7, 1, 'parabola ', 1, '2022-12-13 20:07:36'),
(849, 234, 9, 1, 'hyperbola', 1, '2022-12-13 20:07:37'),
(850, 237, 8, 1, 'parabola', 1, '2022-12-13 20:07:39'),
(851, 231, 3, 1, 'locus', 1, '2022-12-13 20:07:40'),
(852, 238, 9, 1, 'ellipse', 1, '2022-12-13 20:07:41'),
(853, 229, 8, 1, '', 1, '2022-12-13 20:07:41'),
(854, 238, 9, 1, 'Circle', 1, '2022-12-13 20:07:43'),
(855, 231, 3, 1, 'conic section', 1, '2022-12-13 20:07:43'),
(856, 229, 8, 1, 'Circle', 1, '2022-12-13 20:07:43'),
(857, 229, 8, 1, 'Circle', 1, '2022-12-13 20:07:44'),
(858, 229, 8, 1, 'Circle', 1, '2022-12-13 20:07:44'),
(859, 229, 8, 1, 'Circle', 1, '2022-12-13 20:07:44'),
(860, 238, 9, 1, 'hyperbola', 1, '2022-12-13 20:07:45'),
(861, 229, 8, 1, 'hyperbola', 1, '2022-12-13 20:07:47'),
(862, 238, 9, 1, 'Circle', 1, '2022-12-13 20:07:47'),
(863, 231, 3, 1, '', 1, '2022-12-13 20:07:48'),
(864, 235, 7, 1, '', 1, '2022-12-13 20:07:48'),
(865, 229, 8, 1, 'parabola', 1, '2022-12-13 20:07:48'),
(866, 234, 10, 1, '', 1, '2022-12-13 20:07:49'),
(867, 229, 8, 1, 'Circle', 1, '2022-12-13 20:07:50'),
(868, 229, 8, 1, 'Circle', 1, '2022-12-13 20:07:50'),
(869, 231, 3, 1, '', 1, '2022-12-13 20:07:50'),
(870, 229, 8, 1, '', 1, '2022-12-13 20:07:52'),
(871, 234, 10, 1, 'Circle', 1, '2022-12-13 20:07:52'),
(872, 238, 10, 1, 'ellipse', 1, '2022-12-13 20:07:53'),
(873, 238, 10, 1, 'Circle', 1, '2022-12-13 20:07:54'),
(874, 234, 10, 1, 'parabola', 1, '2022-12-13 20:07:56'),
(875, 237, 9, 1, 'hyperbola', 1, '2022-12-13 20:07:58'),
(876, 229, 9, 1, 'ellipse', 1, '2022-12-13 20:07:59'),
(877, 229, 9, 1, 'hyperbola', 1, '2022-12-13 20:08:01'),
(878, 235, 8, 1, '', 1, '2022-12-13 20:08:01'),
(879, 229, 9, 1, 'ellipse', 1, '2022-12-13 20:08:03'),
(880, 235, 8, 1, 'Circle', 1, '2022-12-13 20:08:04'),
(881, 229, 9, 1, 'Circle', 1, '2022-12-13 20:08:05'),
(882, 237, 10, 1, 'parabola', 1, '2022-12-13 20:08:06'),
(883, 235, 8, 1, '', 1, '2022-12-13 20:08:06'),
(884, 229, 9, 1, 'hyperbola', 1, '2022-12-13 20:08:06'),
(885, 229, 9, 1, 'hyperbola', 1, '2022-12-13 20:08:06'),
(886, 229, 9, 1, 'ellipse', 1, '2022-12-13 20:08:08'),
(887, 237, 10, 1, '', 1, '2022-12-13 20:08:09'),
(888, 235, 8, 1, 'parabola', 1, '2022-12-13 20:08:10'),
(889, 229, 10, 1, 'ellipse', 1, '2022-12-13 20:08:12'),
(890, 234, 11, 1, '', 1, '2022-12-13 20:08:12'),
(891, 229, 11, 1, 'parabola', 1, '2022-12-13 20:08:15'),
(892, 229, 11, 1, 'parabola', 1, '2022-12-13 20:08:15'),
(893, 229, 11, 1, 'parabola', 1, '2022-12-13 20:08:15'),
(894, 234, 11, 1, '', 1, '2022-12-13 20:08:15'),
(895, 237, 11, 1, 'parabola', 1, '2022-12-13 20:08:16'),
(896, 229, 11, 1, 'Circle', 1, '2022-12-13 20:08:18'),
(897, 237, 11, 1, 'parabola', 1, '2022-12-13 20:08:19'),
(898, 234, 11, 1, '', 1, '2022-12-13 20:08:20'),
(899, 229, 11, 1, 'parabola', 1, '2022-12-13 20:08:21'),
(900, 235, 9, 1, 'hyperbola', 1, '2022-12-13 20:08:22'),
(901, 234, 11, 1, '', 1, '2022-12-13 20:08:23'),
(902, 229, 11, 1, 'ellipse', 1, '2022-12-13 20:08:24'),
(903, 234, 11, 1, 'Circle', 1, '2022-12-13 20:08:30'),
(904, 234, 11, 1, 'ellipse', 1, '2022-12-13 20:08:32'),
(905, 235, 10, 1, '', 1, '2022-12-13 20:08:33'),
(906, 234, 11, 1, 'parabola', 1, '2022-12-13 20:08:35'),
(907, 235, 10, 1, '', 1, '2022-12-13 20:08:35'),
(908, 235, 10, 1, '', 1, '2022-12-13 20:08:37'),
(909, 234, 11, 1, '', 1, '2022-12-13 20:08:38'),
(910, 235, 10, 1, '', 1, '2022-12-13 20:08:39'),
(911, 231, 3, 1, 'locus', 1, '2022-12-13 20:08:42'),
(912, 233, 1, 1, 'circle', 1, '2022-12-13 20:08:45'),
(913, 233, 1, 1, '', 1, '2022-12-13 20:08:50'),
(914, 235, 11, 1, 'parabola', 1, '2022-12-13 20:08:53'),
(915, 233, 1, 1, 'radius', 1, '2022-12-13 20:08:54'),
(916, 235, 11, 1, 'ellipse', 1, '2022-12-13 20:08:55'),
(917, 235, 11, 1, 'parabola', 1, '2022-12-13 20:08:58'),
(918, 235, 11, 1, 'Circle', 1, '2022-12-13 20:09:00'),
(919, 233, 1, 1, '', 1, '2022-12-13 20:09:01'),
(920, 235, 11, 1, '', 1, '2022-12-13 20:09:02'),
(921, 235, 11, 1, 'Circle', 1, '2022-12-13 20:09:04'),
(922, 235, 11, 1, 'parabola', 1, '2022-12-13 20:09:06'),
(923, 235, 11, 1, 'ellipse', 1, '2022-12-13 20:09:09'),
(924, 235, 11, 1, '', 1, '2022-12-13 20:09:11'),
(925, 231, 4, 1, 'circle', 1, '2022-12-13 20:09:19'),
(926, 231, 4, 1, '', 1, '2022-12-13 20:09:23'),
(927, 231, 4, 1, 'hyperbola', 1, '2022-12-13 20:09:25'),
(928, 231, 4, 1, 'ellipse', 1, '2022-12-13 20:09:27'),
(929, 233, 4, 1, 'circle', 1, '2022-12-13 20:09:30'),
(930, 231, 4, 1, '', 1, '2022-12-13 20:09:31'),
(931, 233, 4, 1, 'hyperbola', 1, '2022-12-13 20:09:32'),
(932, 233, 4, 1, '', 1, '2022-12-13 20:09:35'),
(933, 231, 4, 1, 'hyperbola', 1, '2022-12-13 20:09:40'),
(934, 233, 4, 1, 'ellipse', 1, '2022-12-13 20:09:42'),
(935, 233, 5, 1, 'circle', 1, '2022-12-13 20:09:57'),
(936, 233, 5, 1, 'hyperbola\r\n', 1, '2022-12-13 20:10:00'),
(937, 231, 6, 1, '', 1, '2022-12-13 20:10:21'),
(938, 233, 7, 1, '', 1, '2022-12-13 20:10:23'),
(939, 231, 7, 1, 'hyperbola', 1, '2022-12-13 20:10:30'),
(940, 233, 9, 1, '', 1, '2022-12-13 20:10:39'),
(941, 231, 8, 1, 'parabola', 1, '2022-12-13 20:10:39'),
(942, 231, 8, 1, '', 1, '2022-12-13 20:10:41'),
(943, 233, 9, 1, 'hyperbola', 1, '2022-12-13 20:10:43'),
(944, 231, 8, 1, '', 1, '2022-12-13 20:10:43'),
(945, 231, 8, 1, 'Circle', 1, '2022-12-13 20:10:45'),
(946, 231, 9, 1, '', 1, '2022-12-13 20:10:50'),
(947, 231, 10, 1, 'ellipse', 1, '2022-12-13 20:10:56'),
(948, 231, 10, 1, '', 1, '2022-12-13 20:10:59'),
(949, 240, 1, 1, '', 1, '2022-12-13 20:14:26'),
(950, 240, 1, 1, 'locus', 1, '2022-12-13 20:14:40'),
(951, 239, 2, 1, 'circle', 1, '2022-12-13 20:14:50'),
(952, 240, 1, 1, 'circle', 1, '2022-12-13 20:14:56'),
(953, 240, 1, 1, 'locus', 1, '2022-12-13 20:15:22'),
(954, 239, 2, 1, 'radius', 1, '2022-12-13 20:15:35'),
(955, 239, 3, 1, 'radius', 1, '2022-12-13 20:16:01'),
(956, 240, 1, 1, 'radius', 1, '2022-12-13 20:16:04'),
(957, 239, 3, 1, 'locus', 1, '2022-12-13 20:16:07'),
(958, 239, 3, 1, '', 1, '2022-12-13 20:16:12'),
(959, 240, 1, 1, 'circle', 1, '2022-12-13 20:16:15'),
(960, 239, 3, 1, 'conic section', 1, '2022-12-13 20:16:23'),
(961, 240, 3, 1, 'radius', 1, '2022-12-13 20:16:45'),
(962, 240, 3, 1, 'conic section', 1, '2022-12-13 20:16:49'),
(963, 239, 4, 1, 'ellipse', 1, '2022-12-13 20:16:58'),
(964, 240, 3, 1, 'locus', 1, '2022-12-13 20:17:00'),
(965, 240, 3, 1, 'conic section', 1, '2022-12-13 20:17:02'),
(966, 240, 3, 1, 'locus', 1, '2022-12-13 20:17:05'),
(967, 235, 1, 1, '', 1, '2022-12-13 20:17:19'),
(968, 240, 5, 1, 'hyperbola\r\n', 1, '2022-12-13 20:17:45'),
(969, 235, 4, 1, 'ellipse', 1, '2022-12-13 20:17:47'),
(970, 237, 2, 1, 'circle', 1, '2022-12-13 20:17:51'),
(971, 240, 5, 1, 'circle', 1, '2022-12-13 20:17:55'),
(972, 237, 2, 1, 'radius', 1, '2022-12-13 20:17:56'),
(973, 237, 3, 1, '', 1, '2022-12-13 20:18:02'),
(974, 239, 7, 1, '', 1, '2022-12-13 20:18:04'),
(975, 237, 3, 1, 'locus', 1, '2022-12-13 20:18:08'),
(976, 237, 3, 1, 'locus', 1, '2022-12-13 20:18:10'),
(977, 239, 7, 1, '', 1, '2022-12-13 20:18:11'),
(978, 237, 3, 1, 'radius', 1, '2022-12-13 20:18:13'),
(979, 239, 7, 1, 'hyperbola', 1, '2022-12-13 20:18:16'),
(980, 237, 3, 1, 'locus', 1, '2022-12-13 20:18:20'),
(981, 237, 3, 1, 'conic section', 1, '2022-12-13 20:18:23'),
(982, 239, 8, 1, '', 1, '2022-12-13 20:18:27'),
(983, 235, 9, 1, 'hyperbola', 1, '2022-12-13 20:18:31'),
(984, 239, 8, 1, 'parabola', 1, '2022-12-13 20:18:34'),
(985, 235, 9, 1, 'ellipse', 1, '2022-12-13 20:18:34'),
(986, 239, 8, 1, 'hyperbola', 1, '2022-12-13 20:18:37'),
(987, 239, 9, 1, 'hyperbola', 1, '2022-12-13 20:18:45'),
(988, 237, 9, 1, '', 1, '2022-12-13 20:18:50'),
(989, 239, 9, 1, '', 1, '2022-12-13 20:18:52'),
(990, 237, 9, 1, '', 1, '2022-12-13 20:18:52'),
(991, 240, 6, 1, 'ellipse', 1, '2022-12-13 20:18:53'),
(992, 235, 11, 1, 'Circle', 1, '2022-12-13 20:18:55'),
(993, 235, 11, 1, 'ellipse', 1, '2022-12-13 20:19:00'),
(994, 237, 11, 1, 'Circle', 1, '2022-12-13 20:19:02'),
(995, 240, 6, 1, 'ellipse', 1, '2022-12-13 20:19:03'),
(996, 235, 11, 1, 'parabola', 1, '2022-12-13 20:19:05'),
(997, 239, 10, 1, '', 1, '2022-12-13 20:19:05'),
(998, 237, 11, 1, '', 1, '2022-12-13 20:19:05'),
(999, 239, 10, 1, '', 1, '2022-12-13 20:19:08'),
(1000, 237, 11, 1, 'parabola', 1, '2022-12-13 20:19:09'),
(1001, 237, 11, 1, 'ellipse', 1, '2022-12-13 20:19:12'),
(1002, 239, 10, 1, 'ellipse', 1, '2022-12-13 20:19:12'),
(1003, 239, 10, 1, 'parabola', 1, '2022-12-13 20:19:15'),
(1004, 240, 7, 1, 'parabola ', 1, '2022-12-13 20:19:23'),
(1005, 240, 7, 1, 'parabola ', 1, '2022-12-13 20:19:30'),
(1006, 237, 2, 1, 'circle', 1, '2022-12-13 20:19:31'),
(1007, 237, 2, 1, '', 1, '2022-12-13 20:19:34'),
(1008, 237, 2, 1, 'conic section', 1, '2022-12-13 20:19:37'),
(1009, 237, 2, 1, 'radius', 1, '2022-12-13 20:19:40'),
(1010, 237, 4, 1, 'ellipse', 1, '2022-12-13 20:19:49'),
(1011, 237, 4, 1, 'hyperbola', 1, '2022-12-13 20:19:51'),
(1012, 237, 4, 1, 'ellipse', 1, '2022-12-13 20:19:54'),
(1013, 237, 4, 1, 'hyperbola', 1, '2022-12-13 20:19:57'),
(1014, 240, 9, 1, 'ellipse', 1, '2022-12-13 20:19:59'),
(1015, 237, 4, 1, 'ellipse', 1, '2022-12-13 20:20:00'),
(1016, 240, 9, 1, 'Circle', 1, '2022-12-13 20:20:03'),
(1017, 237, 5, 1, 'parabola', 1, '2022-12-13 20:20:12'),
(1018, 237, 5, 1, 'hyperbola\r\n', 1, '2022-12-13 20:20:16'),
(1019, 237, 6, 1, 'parabola ', 1, '2022-12-13 20:20:22'),
(1020, 240, 10, 1, 'parabola', 1, '2022-12-13 20:20:23'),
(1021, 237, 6, 1, 'circle', 1, '2022-12-13 20:20:25'),
(1022, 240, 10, 1, 'parabola', 1, '2022-12-13 20:20:28'),
(1023, 237, 7, 1, 'parabola ', 1, '2022-12-13 20:20:33'),
(1024, 237, 7, 1, 'hyperbola', 1, '2022-12-13 20:20:36'),
(1025, 240, 11, 1, 'Circle', 1, '2022-12-13 20:20:40'),
(1026, 237, 8, 1, 'Circle', 1, '2022-12-13 20:20:42'),
(1027, 240, 11, 1, 'ellipse', 1, '2022-12-13 20:20:42'),
(1028, 237, 8, 1, 'Circle', 1, '2022-12-13 20:20:46'),
(1029, 237, 8, 1, 'hyperbola', 1, '2022-12-13 20:20:50'),
(1030, 237, 8, 1, 'parabola', 1, '2022-12-13 20:20:58'),
(1031, 237, 10, 1, 'ellipse', 1, '2022-12-13 20:21:07'),
(1032, 237, 10, 1, 'Circle', 1, '2022-12-13 20:21:11'),
(1033, 237, 11, 1, 'ellipse', 1, '2022-12-13 20:21:19'),
(1034, 237, 11, 1, 'Circle', 1, '2022-12-13 20:21:23'),
(1035, 237, 11, 1, 'parabola', 1, '2022-12-13 20:21:26'),
(1036, 238, 1, 1, 'circle', 1, '2022-12-13 20:22:03'),
(1037, 238, 1, 1, 'circle', 1, '2022-12-13 20:22:05'),
(1038, 238, 1, 1, 'radius', 1, '2022-12-13 20:22:09'),
(1039, 238, 1, 1, 'locus', 1, '2022-12-13 20:22:12'),
(1040, 238, 1, 1, 'circle', 1, '2022-12-13 20:22:14'),
(1041, 238, 2, 1, 'circle', 1, '2022-12-13 20:22:19'),
(1042, 238, 2, 1, 'circle', 1, '2022-12-13 20:22:22'),
(1043, 238, 2, 1, 'circle', 1, '2022-12-13 20:22:25'),
(1044, 238, 2, 1, 'circle', 1, '2022-12-13 20:22:27'),
(1045, 238, 2, 1, 'radius', 1, '2022-12-13 20:22:29'),
(1046, 238, 2, 1, 'circle', 1, '2022-12-13 20:22:31'),
(1047, 238, 2, 1, 'conic section', 1, '2022-12-13 20:22:34'),
(1048, 238, 3, 1, 'conic section', 1, '2022-12-13 20:22:43'),
(1049, 238, 3, 1, 'conic section', 1, '2022-12-13 20:22:48'),
(1050, 241, 1, 1, '', 1, '2022-12-13 20:23:06'),
(1051, 241, 2, 1, '', 1, '2022-12-13 20:23:23'),
(1052, 241, 2, 1, 'radius', 1, '2022-12-13 20:23:32'),
(1053, 241, 2, 1, 'conic section', 1, '2022-12-13 20:23:34'),
(1054, 241, 2, 1, 'radius', 1, '2022-12-13 20:23:43'),
(1055, 241, 2, 1, '', 1, '2022-12-13 20:23:47'),
(1056, 241, 2, 1, '', 1, '2022-12-13 20:23:50'),
(1057, 241, 2, 1, 'conic section', 1, '2022-12-13 20:23:52'),
(1058, 241, 2, 1, 'circle', 1, '2022-12-13 20:24:27'),
(1059, 241, 2, 1, 'radius', 1, '2022-12-13 20:24:31'),
(1060, 241, 2, 1, 'conic section', 1, '2022-12-13 20:24:33'),
(1061, 241, 5, 1, 'hyperbola\r\n', 1, '2022-12-13 20:25:11'),
(1062, 241, 7, 1, 'hyperbola', 1, '2022-12-13 20:26:22'),
(1063, 241, 7, 1, '', 1, '2022-12-13 20:26:26'),
(1064, 241, 7, 1, 'parabola ', 1, '2022-12-13 20:26:31'),
(1065, 241, 7, 1, 'ellipse', 1, '2022-12-13 20:26:33'),
(1066, 241, 7, 1, '', 1, '2022-12-13 20:27:20');

-- --------------------------------------------------------

--
-- Table structure for table `exam_results`
--

CREATE TABLE `exam_results` (
  `examresult_id` int(11) NOT NULL,
  `student_id` int(11) NOT NULL,
  `exam_id` int(11) NOT NULL,
  `total_mistakes` int(255) NOT NULL,
  `total_hintUsed` int(255) NOT NULL,
  `Student_Score` int(255) NOT NULL,
  `status` int(100) NOT NULL,
  `result_date` timestamp NOT NULL DEFAULT current_timestamp() ON UPDATE current_timestamp()
) ENGINE=InnoDB DEFAULT CHARSET=utf8mb4;

--
-- Dumping data for table `exam_results`
--

INSERT INTO `exam_results` (`examresult_id`, `student_id`, `exam_id`, `total_mistakes`, `total_hintUsed`, `Student_Score`, `status`, `result_date`) VALUES
(26, 232, 1, 33, 4, 83, 1, '2022-12-13 20:06:46'),
(27, 230, 1, 16, 2, 94, 1, '2022-12-13 20:07:00'),
(28, 236, 1, 55, 1, 63, 0, '2022-12-13 20:07:39'),
(29, 238, 1, 39, 0, 77, 0, '2022-12-13 20:08:00'),
(30, 237, 1, 39, 3, 81, 1, '2022-12-13 20:08:24'),
(31, 229, 1, 82, 3, 155, 1, '2022-12-13 20:08:26'),
(32, 234, 1, 17, 0, 96, 1, '2022-12-13 20:08:51'),
(33, 235, 1, 31, 1, 86, 1, '2022-12-13 20:09:19'),
(34, 233, 1, 13, 2, 107, 1, '2022-12-13 20:11:01'),
(35, 231, 1, 23, 2, 101, 1, '2022-12-13 20:11:06'),
(36, 239, 1, 19, 0, 91, 1, '2022-12-13 20:19:31'),
(37, 241, 1, 17, 0, 98, 1, '2022-12-13 20:27:57');

-- --------------------------------------------------------

--
-- Table structure for table `items`
--

CREATE TABLE `items` (
  `itemId` int(11) NOT NULL,
  `questions` varchar(45) DEFAULT NULL,
  `answerKey` varchar(45) DEFAULT NULL,
  `moduleID` int(11) NOT NULL,
  `assignmentID` int(11) NOT NULL
) ENGINE=InnoDB DEFAULT CHARSET=utf8;

-- --------------------------------------------------------

--
-- Table structure for table `lesson`
--

CREATE TABLE `lesson` (
  `lesson_id` int(11) NOT NULL,
  `lesson_name` varchar(250) NOT NULL,
  `lesson_desc` varchar(250) NOT NULL,
  `lesson_added` timestamp NOT NULL DEFAULT current_timestamp()
) ENGINE=InnoDB DEFAULT CHARSET=utf8mb4;

--
-- Dumping data for table `lesson`
--

INSERT INTO `lesson` (`lesson_id`, `lesson_name`, `lesson_desc`, `lesson_added`) VALUES
(1, 'Lesson 1', ' Introduction of Conic Sections and the Circle', '0000-00-00 00:00:00'),
(2, 'Lesson 2', 'The Parabola', '2022-11-04 17:23:51'),
(3, 'Lesson 3', 'The Ellipse', '2022-12-06 14:22:34'),
(4, 'Lesson 4', 'The Hyperbola', '2022-12-06 14:24:31');

-- --------------------------------------------------------

--
-- Table structure for table `lessons`
--

CREATE TABLE `lessons` (
  `lessonID` int(11) NOT NULL,
  `lessonName` varchar(45) DEFAULT NULL,
  `lessonvideo` blob DEFAULT NULL,
  `status` varchar(45) DEFAULT NULL,
  `moduleID` int(11) NOT NULL
) ENGINE=InnoDB DEFAULT CHARSET=utf8;

-- --------------------------------------------------------

--
-- Table structure for table `lesson_view`
--

CREATE TABLE `lesson_view` (
  `lesson_view_id` int(11) NOT NULL,
  `user_id` int(11) NOT NULL,
  `lesson_id` int(11) NOT NULL,
  `isView` int(11) NOT NULL,
  `log_time` timestamp NOT NULL DEFAULT current_timestamp()
) ENGINE=InnoDB DEFAULT CHARSET=utf8mb4;

--
-- Dumping data for table `lesson_view`
--

INSERT INTO `lesson_view` (`lesson_view_id`, `user_id`, `lesson_id`, `isView`, `log_time`) VALUES
(10, 279, 1, 1, '2022-12-13 19:01:34'),
(11, 279, 1, 1, '2022-12-13 19:02:15'),
(12, 278, 1, 1, '2022-12-13 19:41:19'),
(13, 234, 1, 1, '2022-12-13 20:00:46'),
(14, 240, 1, 1, '2022-12-13 20:01:13'),
(15, 230, 1, 1, '2022-12-13 20:01:46'),
(16, 235, 3, 1, '2022-12-13 20:01:56'),
(17, 230, 1, 1, '2022-12-13 20:01:59'),
(18, 233, 1, 1, '2022-12-13 20:02:00'),
(19, 238, 1, 1, '2022-12-13 20:02:03'),
(20, 229, 1, 1, '2022-12-13 20:02:23'),
(21, 230, 2, 1, '2022-12-13 20:02:31'),
(22, 236, 1, 1, '2022-12-13 20:02:37'),
(23, 238, 1, 1, '2022-12-13 20:02:44'),
(24, 230, 3, 1, '2022-12-13 20:02:48'),
(25, 236, 2, 1, '2022-12-13 20:02:50'),
(26, 230, 4, 1, '2022-12-13 20:02:51'),
(27, 237, 1, 1, '2022-12-13 20:02:56'),
(28, 237, 1, 1, '2022-12-13 20:03:26'),
(29, 233, 2, 1, '2022-12-13 20:03:41'),
(30, 240, 2, 1, '2022-12-13 20:04:42'),
(31, 233, 3, 1, '2022-12-13 20:04:57'),
(32, 240, 1, 1, '2022-12-13 20:05:09'),
(33, 239, 1, 1, '2022-12-13 20:05:31'),
(34, 241, 1, 1, '2022-12-13 20:05:45'),
(35, 233, 1, 1, '2022-12-13 20:06:50'),
(36, 233, 2, 1, '2022-12-13 20:07:34'),
(37, 233, 4, 1, '2022-12-13 20:08:06'),
(38, 237, 1, 1, '2022-12-13 20:09:42'),
(39, 240, 1, 1, '2022-12-13 20:09:45'),
(40, 239, 2, 1, '2022-12-13 20:10:59'),
(41, 232, 1, 1, '2022-12-13 20:11:05'),
(42, 239, 3, 1, '2022-12-13 20:11:18'),
(43, 230, 1, 1, '2022-12-13 20:12:11'),
(44, 233, 1, 1, '2022-12-13 20:12:12'),
(45, 239, 4, 1, '2022-12-13 20:12:17'),
(46, 232, 2, 1, '2022-12-13 20:12:45'),
(47, 232, 3, 1, '2022-12-13 20:13:04'),
(48, 232, 4, 1, '2022-12-13 20:13:09'),
(49, 230, 1, 1, '2022-12-13 20:13:24'),
(50, 240, 1, 1, '2022-12-13 20:14:09'),
(51, 233, 1, 1, '2022-12-13 20:15:01'),
(52, 233, 1, 1, '2022-12-13 20:15:14'),
(53, 233, 1, 1, '2022-12-13 20:17:32'),
(54, 237, 2, 1, '2022-12-13 20:17:35'),
(55, 235, 2, 1, '2022-12-13 20:19:50'),
(56, 235, 1, 1, '2022-12-13 20:19:58'),
(57, 235, 4, 1, '2022-12-13 20:20:02'),
(58, 241, 1, 1, '2022-12-13 20:37:08');

-- --------------------------------------------------------

--
-- Table structure for table `logs`
--

CREATE TABLE `logs` (
  `log_id` int(11) NOT NULL,
  `user_id` int(11) NOT NULL,
  `log_name` varchar(100) NOT NULL,
  `datetime` timestamp NOT NULL DEFAULT current_timestamp()
) ENGINE=InnoDB DEFAULT CHARSET=utf8mb4;

--
-- Dumping data for table `logs`
--

INSERT INTO `logs` (`log_id`, `user_id`, `log_name`, `datetime`) VALUES
(40, 0, 'add-user', '2022-12-13 17:57:04'),
(41, 74, 'login', '2022-12-13 17:58:48'),
(42, 74, 'logout', '2022-12-13 17:59:47'),
(43, 278, 'login', '2022-12-13 18:01:27'),
(44, 2, 'login', '2022-12-13 18:24:32'),
(45, 2, 'logout', '2022-12-13 18:24:44'),
(46, 0, 'add-user', '2022-12-13 19:00:03'),
(47, 279, 'login', '2022-12-13 19:01:10'),
(48, 74, 'login', '2022-12-13 19:18:39'),
(49, 74, 'logout', '2022-12-13 19:19:06'),
(50, 279, 'logout', '2022-12-13 19:47:34'),
(51, 278, 'logout', '2022-12-13 19:47:46'),
(52, 230, 'login', '2022-12-13 19:48:44'),
(53, 232, 'login', '2022-12-13 19:48:52'),
(54, 233, 'login', '2022-12-13 19:49:29'),
(55, 237, 'login', '2022-12-13 19:49:30'),
(56, 240, 'login', '2022-12-13 19:49:51'),
(57, 237, 'logout', '2022-12-13 19:49:55'),
(58, 240, 'logout', '2022-12-13 19:50:01'),
(59, 232, 'logout', '2022-12-13 19:50:05'),
(60, 230, 'logout', '2022-12-13 19:50:07'),
(61, 234, 'login', '2022-12-13 19:59:44'),
(62, 233, 'login', '2022-12-13 19:59:58'),
(63, 235, 'login', '2022-12-13 20:00:07'),
(64, 240, 'login', '2022-12-13 20:00:31'),
(65, 232, 'login', '2022-12-13 20:00:51'),
(66, 230, 'login', '2022-12-13 20:01:10'),
(67, 236, 'login', '2022-12-13 20:01:27'),
(68, 238, 'login', '2022-12-13 20:01:31'),
(69, 229, 'login', '2022-12-13 20:01:57'),
(70, 237, 'login', '2022-12-13 20:02:25'),
(71, 239, 'login', '2022-12-13 20:02:50'),
(72, 241, 'login', '2022-12-13 20:03:14'),
(73, 231, 'login', '2022-12-13 20:03:15'),
(74, 230, 'logout', '2022-12-13 20:22:57'),
(75, 233, 'logout', '2022-12-13 20:22:59'),
(76, 236, 'logout', '2022-12-13 20:22:59'),
(77, 235, 'logout', '2022-12-13 20:23:00'),
(78, 238, 'logout', '2022-12-13 20:23:01'),
(79, 240, 'logout', '2022-12-13 20:23:01'),
(80, 229, 'logout', '2022-12-13 20:23:03'),
(81, 234, 'logout', '2022-12-13 20:23:04'),
(82, 239, 'logout', '2022-12-13 20:23:16'),
(83, 231, 'logout', '2022-12-13 20:23:16'),
(84, 232, 'logout', '2022-12-13 20:23:25'),
(85, 237, 'logout', '2022-12-13 20:30:37'),
(86, 233, 'login', '2022-12-13 20:38:19'),
(87, 241, 'logout', '2022-12-13 20:40:20'),
(88, 233, 'logout', '2022-12-13 20:41:38');

-- --------------------------------------------------------

--
-- Table structure for table `module`
--

CREATE TABLE `module` (
  `module_id` int(11) NOT NULL,
  `module_name` varchar(250) NOT NULL,
  `module_desc` varchar(250) NOT NULL,
  `module_added` datetime NOT NULL
) ENGINE=InnoDB DEFAULT CHARSET=utf8mb4;

--
-- Dumping data for table `module`
--

INSERT INTO `module` (`module_id`, `module_name`, `module_desc`, `module_added`) VALUES
(5, 'MODULE 1', 'ANALYTIC GEOMETRY', '0000-00-00 00:00:00');

-- --------------------------------------------------------

--
-- Table structure for table `modules`
--

CREATE TABLE `modules` (
  `module_id` int(11) NOT NULL,
  `module_name` varchar(45) DEFAULT NULL,
  `module_added` varchar(255) DEFAULT NULL,
  `user_id` int(11) NOT NULL
) ENGINE=InnoDB DEFAULT CHARSET=utf8;

-- --------------------------------------------------------

--
-- Table structure for table `progress`
--

CREATE TABLE `progress` (
  `progressID` int(11) NOT NULL,
  `Description` int(11) DEFAULT NULL,
  `scoreInfo` int(11) DEFAULT NULL
) ENGINE=InnoDB DEFAULT CHARSET=utf8;

-- --------------------------------------------------------

--
-- Table structure for table `role`
--

CREATE TABLE `role` (
  `role_id` int(11) NOT NULL,
  `role_name` varchar(55) NOT NULL
) ENGINE=InnoDB DEFAULT CHARSET=utf8mb4;

--
-- Dumping data for table `role`
--

INSERT INTO `role` (`role_id`, `role_name`) VALUES
(1, 'superadmin'),
(2, 'admin'),
(3, 'student'),
(4, 'teacher');

-- --------------------------------------------------------

--
-- Table structure for table `student`
--

CREATE TABLE `student` (
  `studentID` int(11) NOT NULL,
  `firstname` varchar(45) DEFAULT NULL,
  `lastname` varchar(45) DEFAULT NULL,
  `middlename` varchar(45) DEFAULT NULL,
  `age` int(11) DEFAULT NULL,
  `gender` varchar(45) DEFAULT NULL,
  `birthdate` date DEFAULT NULL
) ENGINE=InnoDB DEFAULT CHARSET=utf8;

-- --------------------------------------------------------

--
-- Table structure for table `transaction`
--

CREATE TABLE `transaction` (
  `transactionID` int(11) NOT NULL,
  `startdate` date DEFAULT NULL,
  `studentID` int(11) NOT NULL,
  `moduleID` int(11) NOT NULL
) ENGINE=InnoDB DEFAULT CHARSET=utf8;

-- --------------------------------------------------------

--
-- Table structure for table `users`
--

CREATE TABLE `users` (
  `user_id` int(55) NOT NULL,
  `profile_pic` varchar(200) NOT NULL,
  `firstname` varchar(250) NOT NULL,
  `lastname` varchar(250) NOT NULL,
  `age` varchar(50) NOT NULL,
  `gender` varchar(50) NOT NULL,
  `address` varchar(50) NOT NULL,
  `email_add` varchar(50) NOT NULL,
  `username` varchar(250) NOT NULL,
  `password` varchar(250) NOT NULL,
  `role_id` int(55) NOT NULL,
  `added_at` datetime NOT NULL
) ENGINE=InnoDB DEFAULT CHARSET=utf8mb4;

--
-- Dumping data for table `users`
--

INSERT INTO `users` (`user_id`, `profile_pic`, `firstname`, `lastname`, `age`, `gender`, `address`, `email_add`, `username`, `password`, `role_id`, `added_at`) VALUES
(1, '', 'Admin', 'Admin', '25', 'Male', 'Digos City', 'admin@gmail.com', 'admin@gmail.com', '$2y$10$627KTYhahPQq9al9sbgQDuJaeRiROt.rDoWPV1nqwYjsxZNHNlr4W', 4, '2022-11-22 09:18:43'),
(2, '', 'User', 'User', '25', 'Male', 'Digos City', 'user@gmail.com', 'user@gmail.com', '$2y$10$aoF3GO5Wyf6qLSG8MhbDaO4hjb8VID9A9NEnfqr6gvxaqJHA3jrwO', 3, '2022-11-22 09:20:09'),
(3, '', 'Superadmin', 'Superadmin', '25', 'Male', 'Digos City', 'superadmin@gmail.com', 'superadmin@gmail.com', '$2y$10$9cKb.z/gAsSZwlK10oSX1OPQsNE1HtkJYouQouw0CaJ4pc6wL6WI.', 1, '2022-11-22 09:21:26'),
(74, '', 'James', 'Gwapo', '', 'male', 'Digos City, Mainland China', 'james@gmail.com', 'james@gmail.com', '$2y$10$2oE6J6xNEPmHevsieecineKNW0NAzRr/P5RWb2X6CG2Bq354BmERW', 3, '2022-12-08 22:44:07'),
(75, '', 'Geperson', 'Mamalias', '', 'male', 'Digos City', 'geperson.ph@gmail.com', 'geperson.ph@gmail.com', '$2y$10$dfYHvQ.KZbIxIWWsOki5AuuGaVgoUbFWJ985Z0kL2ZxCRxWULT4u2', 3, '2022-12-10 14:34:08'),
(228, '', 'Student1', 'Student1', '', '', '', 'student1@gmail.com', 'student1@gmail.com', '$2y$10$olgNpbBRnpCB/B8.20jfOeVmgCacA50gns5sS0aFeB7OrUSMNDSrC', 3, '0000-00-00 00:00:00'),
(229, '', 'Student2', 'Student2', '', '', '', 'student2@gmail.com', 'student2@gmail.com', '$2y$10$CNDzlgIpbHH.j2U.trUx3uFM0oyUswHwpMbAx.5bJBxSfz7weNnUe', 3, '0000-00-00 00:00:00'),
(230, '', 'Student3', 'Student3', '', '', '', 'student3@gmail.com', 'student3@gmail.com', '$2y$10$kiyhk2POoazjZGWYFDGVA.v1Rr1RAwQN1A5lGJ7cQaOZQPC80kdtS', 3, '0000-00-00 00:00:00'),
(231, '', 'Student4', 'Student4', '', '', '', 'student4@gmail.com', 'student4@gmail.com', '$2y$10$dZkth4GY2N/vZMJHplEhbuLj1xEXsOxeHb7pVOMjmf/FOyq5djcWO', 3, '0000-00-00 00:00:00'),
(232, '', 'Student5', 'Student5', '', '', '', 'student5@gmail.com', 'student5@gmail.com', '$2y$10$deo9briomDFSlT0RVcmn3.4kNGYk9unUX99mW53euQROwgR.WGLZy', 3, '0000-00-00 00:00:00'),
(233, '', 'Student6', 'Student6', '', '', '', 'student6@gmail.com', 'student6@gmail.com', '$2y$10$dS1EbKgSj5V3x8xjZs.qEO.l0LPtG.0cyLxKrTyetAFhtOFxdoCBO', 3, '0000-00-00 00:00:00'),
(234, '', 'Student7', 'Student7', '', '', '', 'student7@gmail.com', 'student7@gmail.com', '$2y$10$IyaiLlrrzhEX/sit32H3V.15sfjJATH2Nu0fwDSjCQzfZghPKnVSG', 3, '0000-00-00 00:00:00'),
(235, '', 'Student8', 'Student8', '', '', '', 'student8@gmail.com', 'student8@gmail.com', '$2y$10$GxoG1gHrVbkAep7Vg24cYeTbjh46W/z0Fj1sE4hTOcRZl3AVnsj6a', 3, '0000-00-00 00:00:00'),
(236, '', 'Student9', 'Student9', '', '', '', 'student9@gmail.com', 'student9@gmail.com', '$2y$10$eGkagDXJWHD51j1fOqD7Led1OmT8sRhmMAopgdk/FtNH1MrK/vxvq', 3, '0000-00-00 00:00:00'),
(237, '', 'Student10', 'Student10', '', '', '', 'student10@gmail.com', 'student10@gmail.com', '$2y$10$ICQCcFDCvDGhCdzHYMnT6uPbJUtm5dUNculxfESxFSvwBHFI8uLzO', 3, '0000-00-00 00:00:00'),
(238, '', 'Student11', 'Student11', '', '', '', 'student11@gmail.com', 'student11@gmail.com', '$2y$10$vpxEN7Mv941aws1Msb/GBubLnZgO60Gy/Hs9le4m2/urZ0bkaLVam', 3, '0000-00-00 00:00:00'),
(239, '', 'Student12', 'Student12', '', '', '', 'student12@gmail.com', 'student12@gmail.com', '$2y$10$DZ4hK5cYcmSchUUnJEoWX.kx56WaYUoyip/hllZoociipp79QdMKW', 3, '0000-00-00 00:00:00'),
(240, '', 'Student13', 'Student13', '', '', '', 'student13@gmail.com', 'student13@gmail.com', '$2y$10$lVxqYNrHnoUQS01COaynsOl/o9Bs8Rzr4.augrc.NLAa/xv0iizXy', 3, '0000-00-00 00:00:00'),
(241, '', 'Student14', 'Student14', '', '', '', 'student14@gmail.com', 'student14@gmail.com', '$2y$10$OUNCZewAL0QyjSOIAhKVn.701HNh7cDsH6fFbE7DZSJafns2V1oia', 3, '0000-00-00 00:00:00'),
(242, '', 'Student15', 'Student15', '', '', '', 'student15@gmail.com', 'student15@gmail.com', '$2y$10$vaseD3NKkBNVXVzp6yEhAOiXA9fAEHC.ID3M6HTIoIu32X6TTiB7e', 3, '0000-00-00 00:00:00'),
(243, '', 'Student16', 'Student16', '', '', '', 'student16@gmail.com', 'student16@gmail.com', '$2y$10$BHHt8x08jap35NNo/wYbG.5VavXBeUKp3PT3Rtb7Eta7ZJwLLoMqe', 3, '0000-00-00 00:00:00'),
(244, '', 'Student17', 'Student17', '', '', '', 'student17@gmail.com', 'student17@gmail.com', '$2y$10$hHoR9ew7AkcCrVRuswAgL.SgwxM36IASJvJlo7pK1o3mJQMEezkEW', 3, '0000-00-00 00:00:00'),
(245, '', 'Student18', 'Student18', '', '', '', 'student18@gmail.com', 'student18@gmail.com', '$2y$10$a.xzONMmUjBTP31iJGGptORunuXo6HzPV4eIxGgUHIWn3pIH8Mmxi', 3, '0000-00-00 00:00:00'),
(246, '', 'Student19', 'Student19', '', '', '', 'student19@gmail.com', 'student19@gmail.com', '$2y$10$Z6LkqFGzRtoUgj01Ho86SOLm1q5A3FTdIvs/NTnhCZMN.mNHvPGmW', 3, '0000-00-00 00:00:00'),
(247, '', 'Student20', 'Student20', '', '', '', 'student20@gmail.com', 'student20@gmail.com', '$2y$10$kKdUbyqiKHh7tkQl.n8B5.xrf4Wuw0Xr8JsiwsDlnKYYzzIk9TH8.', 3, '0000-00-00 00:00:00'),
(248, '', 'Student21', 'Student21', '', '', '', 'student21@gmail.com', 'student21@gmail.com', '$2y$10$ke1lcv1PX/cqkuKCPzrsNetzNVy1vDKysEIYu7KV5FaHFXN5vI.UG', 3, '0000-00-00 00:00:00'),
(249, '', 'Student22', 'Student22', '', '', '', 'student22@gmail.com', 'student22@gmail.com', '$2y$10$GqSPxboyhz5R3hblwPkB9OaubOVuAEy6NC5x75LxrHieSnkUDYgvS', 3, '0000-00-00 00:00:00'),
(250, '', 'Student23', 'Student23', '', '', '', 'student23@gmail.com', 'student23@gmail.com', '$2y$10$U7LAeXvE2AIrqtXyLohriu8eiGDcZ/OOhvUpM5eC2rvBNcuQSN/jG', 3, '0000-00-00 00:00:00'),
(251, '', 'Student24', 'Student24', '', '', '', 'student24@gmail.com', 'student24@gmail.com', '$2y$10$MmnSb80YQOwux2ZBbStRNOfQ3KgesFxWQsSgOTKl2uS.6P5ROrJlu', 3, '0000-00-00 00:00:00'),
(252, '', 'Student25', 'Student25', '', '', '', 'student25@gmail.com', 'student25@gmail.com', '$2y$10$R9ZhlItpz5wo7F6Q2V/gEOjCu3H8hnJOfOpKatp5TnRY/8E2YBt9C', 3, '0000-00-00 00:00:00'),
(253, '', 'Student26', 'Student26', '', '', '', 'student26@gmail.com', 'student26@gmail.com', '$2y$10$XptUzBPhMfrTc9zQA76dtul4WTui6FaedN4ahR4KNx0clUOFB1W/O', 3, '0000-00-00 00:00:00'),
(254, '', 'Student27', 'Student27', '', '', '', 'student27@gmail.com', 'student27@gmail.com', '$2y$10$l1.fGpNTjHhKuRp55Vzf.OPGRmW5jRIvhMd79upu7v4FspatQE.lu', 3, '0000-00-00 00:00:00'),
(255, '', 'Student28', 'Student28', '', '', '', 'student28@gmail.com', 'student28@gmail.com', '$2y$10$rPKy2Ukn44QQwC49THGkMerzjVqlO6/.vgHjswdEwDSh1zxQySGkS', 3, '0000-00-00 00:00:00'),
(256, '', 'Student29', 'Student29', '', '', '', 'student29@gmail.com', 'student29@gmail.com', '$2y$10$582NaS.KpQnnkniXPYW1CelIFLClc8zPTz4l20roOvHQ4fH9fs2VG', 3, '0000-00-00 00:00:00'),
(257, '', 'Student30', 'Student30', '', '', '', 'student30@gmail.com', 'student30@gmail.com', '$2y$10$nX63nLY7.//t/YRpoSyAou83q0eoqMY7/u/hf51TB1DitkF3A9Yam', 3, '0000-00-00 00:00:00'),
(258, '', 'Student31', 'Student31', '', '', '', 'student31@gmail.com', 'student31@gmail.com', '$2y$10$yJLbQc.vf.t2qACnnAp9heEZ1e9kqeh/teAyImKqKUFVm3klwP0pi', 3, '0000-00-00 00:00:00'),
(259, '', 'Student32', 'Student32', '', '', '', 'student32@gmail.com', 'student32@gmail.com', '$2y$10$B4pVAH7/M9XAQDu/0sFjBuLZI06W7cd9iT3/jsaX8.eFpyJPW7FSm', 3, '0000-00-00 00:00:00'),
(260, '', 'Student33', 'Student33', '', '', '', 'student33@gmail.com', 'student33@gmail.com', '$2y$10$3zzNbNP/r9HWCc/nOeQ45uhGPBnbyviqNJAa7q.9O1qRR3PjxQFDa', 3, '0000-00-00 00:00:00'),
(261, '', 'Student34', 'Student34', '', '', '', 'student34@gmail.com', 'student34@gmail.com', '$2y$10$53kstSyS8FJpDyvQy20JgOu3lcc9UmZqMAL6.kFKTmKj9Y9w3uAli', 3, '0000-00-00 00:00:00'),
(262, '', 'Student35', 'Student35', '', '', '', 'student35@gmail.com', 'student35@gmail.com', '$2y$10$aiBSWccIQrZ6LY16f8.jsuQKKESrvc/mn67PtNCmGYHBR.1S1Eoa6', 3, '0000-00-00 00:00:00'),
(263, '', 'Student36', 'Student36', '', '', '', 'student36@gmail.com', 'student36@gmail.com', '$2y$10$by3DUQulB/KEBELSPXvf3ugCYOyoLOnyFG3qr3T3r3AoI40oI1O0q', 3, '0000-00-00 00:00:00'),
(264, '', 'Student37', 'Student37', '', '', '', 'student37@gmail.com', 'student37@gmail.com', '$2y$10$BWmMhA9qRa5s1HtnwGV5sOHfgOFAcJEKSaaqIsjkqbFHedkRfR5ti', 3, '0000-00-00 00:00:00'),
(265, '', 'Student38', 'Student38', '', '', '', 'student38@gmail.com', 'student38@gmail.com', '$2y$10$YbCqTlu83ew4C6EjQI8bterRuRsfcoBthctEEv9XkkkZYNnTxRBpq', 3, '0000-00-00 00:00:00'),
(266, '', 'Student39', 'Student39', '', '', '', 'student39@gmail.com', 'student39@gmail.com', '$2y$10$ErPE3j/3.58OOCnHtVXrSu5vN0gTVvySi8epbx85TEv/T.us2vQLu', 3, '0000-00-00 00:00:00'),
(267, '', 'Student40', 'Student40', '', '', '', 'student40@gmail.com', 'student40@gmail.com', '$2y$10$6MOZtekpM0dVfgQeJXnHmOJ8NKnq9gVyD6jiP.MiToW5QGdqEOj26', 3, '0000-00-00 00:00:00'),
(268, '', 'Student41', 'Student41', '', '', '', 'student41@gmail.com', 'student41@gmail.com', '$2y$10$JJDlXJn8fFm6j/B4wcHdAuxAnmk.nmMSG1o421/nnF4Fzi2tAM7QW', 3, '0000-00-00 00:00:00'),
(269, '', 'Student42', 'Student42', '', '', '', 'student42@gmail.com', 'student42@gmail.com', '$2y$10$65VNUfxCvr9viuggZjNtd.MFkphzzIc.E8NM90i0kNu3j9h5rwove', 3, '0000-00-00 00:00:00'),
(270, '', 'Student43', 'Student43', '', '', '', 'student43@gmail.com', 'student43@gmail.com', '$2y$10$u1OmQSw0ceNl0tI2M05ZpOg7rRjefOacrvIw8sW9hFr1K1LzcsagG', 3, '0000-00-00 00:00:00'),
(271, '', 'Student44', 'Student44', '', '', '', 'student44@gmail.com', 'student44@gmail.com', '$2y$10$jR/uO7XVSmuTU9s1X.0gKumERP.2q8ddgMKdkqcflSh71qxjZoXJ.', 3, '0000-00-00 00:00:00'),
(272, '', 'Student45', 'Student45', '', '', '', 'student45@gmail.com', 'student45@gmail.com', '$2y$10$qdKNhaMhGH5liFFBAcnMfuTBHbkUygkco6ggtt.KxFeSV5fVOABaS', 3, '0000-00-00 00:00:00'),
(273, '', 'Student46', 'Student46', '', '', '', 'student46@gmail.com', 'student46@gmail.com', '$2y$10$cdPConK97DGP5fpPveTcBuwMPACzEzAMYAfDyXk2mdLPM/JNbFHiq', 3, '0000-00-00 00:00:00'),
(274, '', 'Student47', 'Student47', '', '', '', 'student47@gmail.com', 'student47@gmail.com', '$2y$10$JgcXStyc1HIirTVLFiYQVOp6Tn1UTszCLUu3YftURNtz0O4JgXpXi', 3, '0000-00-00 00:00:00'),
(275, '', 'Student48', 'Student48', '', '', '', 'student48@gmail.com', 'student48@gmail.com', '$2y$10$20bbLQMUX3v87rUOctOMNOHnkfA2t6109lRW7EZrYiK4ZgEYqkPIO', 3, '0000-00-00 00:00:00'),
(276, '', 'Student49', 'Student49', '', '', '', 'student49@gmail.com', 'student49@gmail.com', '$2y$10$miCes7a9waqLfG.8VHG.S.u6GfxykGxge62j4.9OyZvUVFP31mbU.', 3, '0000-00-00 00:00:00'),
(277, '', 'Student50', 'Student50', '', '', '', 'student50@gmail.com', 'student50@gmail.com', '$2y$10$4oxaxBlFXAnF8G4PF4J9LONhFC517ltE1SpYeNS7Q6vlHEUtSwiI2', 3, '0000-00-00 00:00:00'),
(278, '', 'Dhao', 'Macasipot', '', 'male', 'Lopez Jaena Ext.', 'dhaomacc01@gmail.com', 'dhaomacc01', '$2y$10$RiVEjQV880PUnn2dBzvrrubH0TuUcYZDv.2Xe01XcI7X2iVZWrGS2', 3, '2022-12-14 01:57:04'),
(279, '', 'REYMAR', 'CATAAG', '', 'male', 'AMLO SUBDIVISION,STA.CURZ', 'remvince666@GMAIL.com', 'CATAAG,REYMAR', '$2y$10$2F2mvviYpsUamdhumMrXXOv/nANiHPEXmq5eEHBUPXGzronC2THAm', 3, '2022-12-14 03:00:03');

--
-- Indexes for dumped tables
--

--
-- Indexes for table `account`
--
ALTER TABLE `account`
  ADD PRIMARY KEY (`accountID`,`studentID`),
  ADD KEY `fk_account_student1_idx` (`studentID`);

--
-- Indexes for table `admin`
--
ALTER TABLE `admin`
  ADD PRIMARY KEY (`adminId`);

--
-- Indexes for table `assignment`
--
ALTER TABLE `assignment`
  ADD PRIMARY KEY (`assignmentID`);

--
-- Indexes for table `course`
--
ALTER TABLE `course`
  ADD PRIMARY KEY (`course_id`);

--
-- Indexes for table `exam`
--
ALTER TABLE `exam`
  ADD PRIMARY KEY (`exam_id`);

--
-- Indexes for table `examquestion_attempt`
--
ALTER TABLE `examquestion_attempt`
  ADD PRIMARY KEY (`eqa_id`);

--
-- Indexes for table `exam_attempt`
--
ALTER TABLE `exam_attempt`
  ADD PRIMARY KEY (`examAttempt_id`);

--
-- Indexes for table `exam_correct`
--
ALTER TABLE `exam_correct`
  ADD PRIMARY KEY (`examcorrect_id`);

--
-- Indexes for table `exam_items`
--
ALTER TABLE `exam_items`
  ADD PRIMARY KEY (`examitem_id`);

--
-- Indexes for table `exam_mistakes`
--
ALTER TABLE `exam_mistakes`
  ADD PRIMARY KEY (`mistake_id`);

--
-- Indexes for table `exam_results`
--
ALTER TABLE `exam_results`
  ADD PRIMARY KEY (`examresult_id`);

--
-- Indexes for table `items`
--
ALTER TABLE `items`
  ADD PRIMARY KEY (`itemId`,`moduleID`,`assignmentID`),
  ADD KEY `fk_items_modules1_idx` (`moduleID`),
  ADD KEY `fk_items_assignment1_idx` (`assignmentID`);

--
-- Indexes for table `lesson`
--
ALTER TABLE `lesson`
  ADD PRIMARY KEY (`lesson_id`);

--
-- Indexes for table `lessons`
--
ALTER TABLE `lessons`
  ADD PRIMARY KEY (`lessonID`,`moduleID`),
  ADD KEY `fk_lessons_modules1_idx` (`moduleID`);

--
-- Indexes for table `lesson_view`
--
ALTER TABLE `lesson_view`
  ADD PRIMARY KEY (`lesson_view_id`);

--
-- Indexes for table `logs`
--
ALTER TABLE `logs`
  ADD PRIMARY KEY (`log_id`);

--
-- Indexes for table `module`
--
ALTER TABLE `module`
  ADD PRIMARY KEY (`module_id`);

--
-- Indexes for table `modules`
--
ALTER TABLE `modules`
  ADD PRIMARY KEY (`module_id`,`user_id`),
  ADD KEY `fk_modules_progress1_idx` (`user_id`);

--
-- Indexes for table `progress`
--
ALTER TABLE `progress`
  ADD PRIMARY KEY (`progressID`);

--
-- Indexes for table `role`
--
ALTER TABLE `role`
  ADD PRIMARY KEY (`role_id`);

--
-- Indexes for table `student`
--
ALTER TABLE `student`
  ADD PRIMARY KEY (`studentID`);

--
-- Indexes for table `transaction`
--
ALTER TABLE `transaction`
  ADD PRIMARY KEY (`transactionID`,`studentID`,`moduleID`),
  ADD KEY `fk_transaction_student_idx` (`studentID`),
  ADD KEY `fk_transaction_modules1_idx` (`moduleID`);

--
-- Indexes for table `users`
--
ALTER TABLE `users`
  ADD PRIMARY KEY (`user_id`);

--
-- AUTO_INCREMENT for dumped tables
--

--
-- AUTO_INCREMENT for table `course`
--
ALTER TABLE `course`
  MODIFY `course_id` int(11) NOT NULL AUTO_INCREMENT, AUTO_INCREMENT=6;

--
-- AUTO_INCREMENT for table `exam`
--
ALTER TABLE `exam`
  MODIFY `exam_id` int(11) NOT NULL AUTO_INCREMENT, AUTO_INCREMENT=2;

--
-- AUTO_INCREMENT for table `examquestion_attempt`
--
ALTER TABLE `examquestion_attempt`
  MODIFY `eqa_id` int(11) NOT NULL AUTO_INCREMENT;

--
-- AUTO_INCREMENT for table `exam_attempt`
--
ALTER TABLE `exam_attempt`
  MODIFY `examAttempt_id` int(11) NOT NULL AUTO_INCREMENT, AUTO_INCREMENT=73;

--
-- AUTO_INCREMENT for table `exam_correct`
--
ALTER TABLE `exam_correct`
  MODIFY `examcorrect_id` int(11) NOT NULL AUTO_INCREMENT, AUTO_INCREMENT=463;

--
-- AUTO_INCREMENT for table `exam_items`
--
ALTER TABLE `exam_items`
  MODIFY `examitem_id` int(11) NOT NULL AUTO_INCREMENT, AUTO_INCREMENT=12;

--
-- AUTO_INCREMENT for table `exam_mistakes`
--
ALTER TABLE `exam_mistakes`
  MODIFY `mistake_id` int(11) NOT NULL AUTO_INCREMENT, AUTO_INCREMENT=1067;

--
-- AUTO_INCREMENT for table `exam_results`
--
ALTER TABLE `exam_results`
  MODIFY `examresult_id` int(11) NOT NULL AUTO_INCREMENT, AUTO_INCREMENT=38;

--
-- AUTO_INCREMENT for table `lesson`
--
ALTER TABLE `lesson`
  MODIFY `lesson_id` int(11) NOT NULL AUTO_INCREMENT, AUTO_INCREMENT=5;

--
-- AUTO_INCREMENT for table `lesson_view`
--
ALTER TABLE `lesson_view`
  MODIFY `lesson_view_id` int(11) NOT NULL AUTO_INCREMENT, AUTO_INCREMENT=59;

--
-- AUTO_INCREMENT for table `logs`
--
ALTER TABLE `logs`
  MODIFY `log_id` int(11) NOT NULL AUTO_INCREMENT, AUTO_INCREMENT=89;

--
-- AUTO_INCREMENT for table `module`
--
ALTER TABLE `module`
  MODIFY `module_id` int(11) NOT NULL AUTO_INCREMENT, AUTO_INCREMENT=7;

--
-- AUTO_INCREMENT for table `role`
--
ALTER TABLE `role`
  MODIFY `role_id` int(11) NOT NULL AUTO_INCREMENT, AUTO_INCREMENT=5;

--
-- AUTO_INCREMENT for table `users`
--
ALTER TABLE `users`
  MODIFY `user_id` int(55) NOT NULL AUTO_INCREMENT, AUTO_INCREMENT=280;

--
-- Constraints for dumped tables
--

--
-- Constraints for table `account`
--
ALTER TABLE `account`
  ADD CONSTRAINT `fk_account_student1` FOREIGN KEY (`studentID`) REFERENCES `student` (`studentID`);

--
-- Constraints for table `items`
--
ALTER TABLE `items`
  ADD CONSTRAINT `fk_items_assignment1` FOREIGN KEY (`assignmentID`) REFERENCES `assignment` (`assignmentID`),
  ADD CONSTRAINT `fk_items_modules1` FOREIGN KEY (`moduleID`) REFERENCES `modules` (`module_id`);

--
-- Constraints for table `lessons`
--
ALTER TABLE `lessons`
  ADD CONSTRAINT `fk_lessons_modules1` FOREIGN KEY (`moduleID`) REFERENCES `modules` (`module_id`);

--
-- Constraints for table `modules`
--
ALTER TABLE `modules`
  ADD CONSTRAINT `fk_modules_progress1` FOREIGN KEY (`user_id`) REFERENCES `progress` (`progressID`);

--
-- Constraints for table `transaction`
--
ALTER TABLE `transaction`
  ADD CONSTRAINT `fk_transaction_modules1` FOREIGN KEY (`moduleID`) REFERENCES `modules` (`module_id`),
  ADD CONSTRAINT `fk_transaction_student` FOREIGN KEY (`studentID`) REFERENCES `student` (`studentID`);
COMMIT;

/*!40101 SET CHARACTER_SET_CLIENT=@OLD_CHARACTER_SET_CLIENT */;
/*!40101 SET CHARACTER_SET_RESULTS=@OLD_CHARACTER_SET_RESULTS */;
/*!40101 SET COLLATION_CONNECTION=@OLD_COLLATION_CONNECTION */;
