-- phpMyAdmin SQL Dump
-- version 5.2.0
-- https://www.phpmyadmin.net/
--
-- Host: 127.0.0.1
-- Generation Time: Dec 14, 2022 at 09:37 PM
-- Server version: 10.4.27-MariaDB
-- PHP Version: 8.1.12

SET SQL_MODE = "NO_AUTO_VALUE_ON_ZERO";
START TRANSACTION;
SET time_zone = "+00:00";




--
-- Database: `geometry`
--

-- --------------------------------------------------------

--
-- Table structure for table `account`
--

CREATE TABLE `account` (
  `accountID` int(11) NOT NULL,
  `username` varchar(45) DEFAULT NULL,
  `password` varchar(45) DEFAULT NULL,
  `date-registered` date DEFAULT NULL,
  `studentID` int(11) NOT NULL
);

-- --------------------------------------------------------


-- Table structure for table `admin`


CREATE TABLE `admin` (
  `adminId` int(11) NOT NULL,
  `firstname` varchar(45) DEFAULT NULL,
  `lastname` varchar(45) DEFAULT NULL
);

-- --------------------------------------------------------

--
-- Table structure for table `assignment`
--

CREATE TABLE `assignment` (
  `assignmentID` int(11) NOT NULL,
  `name` varchar(45) DEFAULT NULL,
  `totalQuestion` int(11) DEFAULT NULL,
  `status` varchar(45) DEFAULT NULL
);

-- --------------------------------------------------------

--
-- Table structure for table `course`
--

CREATE TABLE `course` (
  `course_id` int(11) NOT NULL,
  `course_name` varchar(250) NOT NULL,
  `course_created` timestamp NOT NULL DEFAULT current_timestamp()
);

--
-- Dumping data for table `course`
--

INSERT INTO `course` (`course_id`, `course_name`, `course_created`) VALUES
(3, 'GEOMETRY', '0000-00-00 00:00:00');

-- --------------------------------------------------------

--
-- Table structure for table `exam`
--

CREATE TABLE `exam` (
  `exam_id` int(11) NOT NULL,
  `exam_title` varchar(255) NOT NULL,
  `exam_desc` varchar(500) NOT NULL,
  `totalPoints` int(100) NOT NULL,
  `passing_score` int(255) NOT NULL,
  `totalQuestion` int(100) NOT NULL,
  `course_id` int(11) NOT NULL
);

--
-- Dumping data for table `exam`
--

INSERT INTO `exam` (`exam_id`, `exam_title`, `exam_desc`, `totalPoints`, `passing_score`, `totalQuestion`, `course_id`) VALUES
(1, 'Lesson 1 - Circle Quiz', 'Evaluate the student learning in circles', 110, 80, 11, 3);

-- --------------------------------------------------------

--
-- Table structure for table `examquestion_attempt`
--

CREATE TABLE `examquestion_attempt` (
  `eqa_id` int(11) NOT NULL,
  `studen_id` int(11) NOT NULL,
  `exam_id` int(11) NOT NULL,
  `examitem_id` int(11) NOT NULL,
  `status` int(255) NOT NULL,
  `eqa_date` timestamp NOT NULL DEFAULT current_timestamp() ON UPDATE current_timestamp()
);

-- --------------------------------------------------------

--
-- Table structure for table `exam_attempt`
--

CREATE TABLE `exam_attempt` (
  `examAttempt_id` int(11) NOT NULL,
  `student_id` int(11) NOT NULL,
  `exam_id` int(11) NOT NULL,
  `status` int(255) NOT NULL,
  `exattempt_date` timestamp NOT NULL DEFAULT current_timestamp() ON UPDATE current_timestamp()
);

--
-- Dumping data for table `exam_attempt`
--

INSERT INTO `exam_attempt` (`examAttempt_id`, `student_id`, `exam_id`, `status`, `exattempt_date`) VALUES
(54, 232, 1, 1, '2022-12-13 20:02:02'),
(55, 236, 1, 1, '2022-12-13 20:03:21'),
(56, 237, 1, 1, '2022-12-13 20:03:55'),
(57, 240, 1, 1, '2022-12-13 20:04:17'),
(58, 238, 1, 1, '2022-12-13 20:04:18'),
(59, 230, 1, 1, '2022-12-13 20:04:24'),
(60, 229, 1, 1, '2022-12-13 20:04:37'),
(62, 234, 1, 1, '2022-12-13 20:05:19'),
(63, 231, 1, 1, '2022-12-13 20:06:02'),
(64, 233, 1, 1, '2022-12-13 20:08:32'),
(65, 239, 1, 1, '2022-12-13 20:14:05'),
(68, 235, 1, 1, '2022-12-13 20:17:17'),
(72, 241, 1, 1, '2022-12-13 20:22:59');

-- --------------------------------------------------------

--
-- Table structure for table `exam_correct`
--

CREATE TABLE `exam_correct` (
  `examcorrect_id` int(11) NOT NULL,
  `student_id` int(11) NOT NULL,
  `exam_id` int(11) NOT NULL,
  `examitem_id` int(11) NOT NULL,
  `points` int(255) NOT NULL,
  `hint_attempt` int(100) NOT NULL,
  `exam_attempt` int(255) NOT NULL,
  `excorrect_date` timestamp NOT NULL DEFAULT current_timestamp() ON UPDATE current_timestamp()
);

--
-- Dumping data for table `exam_correct`
--

INSERT INTO `exam_correct` (`examcorrect_id`, `student_id`, `exam_id`, `examitem_id`, `points`, `hint_attempt`, `exam_attempt`, `excorrect_date`) VALUES
(273, 232, 1, 1, 10, 0, 1, '2022-12-14 17:36:58'),
(274, 232, 1, 2, 10, 0, 1, '2022-12-14 17:36:58'),
(275, 232, 1, 3, 10, 0, 1, '2022-12-14 17:36:58'),
(276, 232, 1, 4, 5, 1, 1, '2022-12-14 17:36:58'),
(277, 232, 1, 5, 9, 0, 1, '2022-12-14 17:36:58'),
(278, 236, 1, 1, 5, 1, 1, '2022-12-14 17:36:58'),
(279, 237, 1, 1, 10, 0, 1, '2022-12-14 17:36:58'),
(280, 232, 1, 6, 6, 0, 1, '2022-12-14 17:36:58'),
(281, 232, 1, 7, 8, 0, 1, '2022-12-14 17:36:58'),
(283, 236, 1, 2, 5, 0, 1, '2022-12-14 17:36:58'),
(284, 230, 1, 1, 6, 1, 1, '2022-12-14 17:36:58'),
(285, 235, 1, 1, 10, 0, 1, '2022-12-14 17:36:58'),
(286, 230, 1, 2, 10, 0, 1, '2022-12-14 17:36:58'),
(287, 230, 1, 3, 10, 0, 1, '2022-12-14 17:36:58'),
(288, 232, 1, 8, 5, 1, 1, '2022-12-14 17:36:58'),
(289, 236, 1, 3, 5, 0, 1, '2022-12-14 17:36:58'),
(291, 236, 1, 4, 5, 0, 1, '2022-12-14 17:36:58'),
(292, 230, 1, 4, 7, 0, 1, '2022-12-14 17:36:58'),
(293, 232, 1, 9, 7, 1, 1, '2022-12-14 17:36:58'),
(294, 234, 1, 1, 10, 0, 1, '2022-12-14 17:36:58'),
(295, 230, 1, 5, 8, 0, 1, '2022-12-14 17:36:58'),
(297, 238, 1, 1, 9, 0, 1, '2022-12-14 17:36:58'),
(299, 236, 1, 5, 8, 0, 1, '2022-12-14 17:36:58'),
(300, 232, 1, 10, 8, 0, 1, '2022-12-14 17:36:58'),
(302, 234, 1, 2, 9, 0, 1, '2022-12-14 17:36:58'),
(304, 229, 1, 1, 10, 1, 1, '2022-12-14 17:36:58'),
(306, 236, 1, 6, 6, 0, 1, '2022-12-14 17:36:58'),
(307, 238, 1, 2, 5, 0, 1, '2022-12-14 17:36:58'),
(308, 234, 1, 3, 10, 0, 1, '2022-12-14 17:36:58'),
(309, 229, 1, 2, 5, 0, 1, '2022-12-14 17:36:58'),
(310, 230, 1, 6, 5, 1, 1, '2022-12-14 17:36:58'),
(311, 231, 1, 1, 10, 0, 1, '2022-12-14 17:36:58'),
(312, 229, 1, 3, 10, 0, 1, '2022-12-14 17:36:58'),
(314, 236, 1, 7, 5, 0, 1, '2022-12-14 17:36:58'),
(315, 237, 1, 5, 5, 1, 1, '2022-12-14 17:36:58'),
(318, 234, 1, 4, 10, 0, 1, '2022-12-14 17:36:58'),
(319, 238, 1, 3, 5, 0, 1, '2022-12-14 17:36:58'),
(321, 229, 1, 4, 10, 0, 1, '2022-12-14 17:36:58'),
(323, 231, 1, 2, 10, 0, 1, '2022-12-14 17:36:58'),
(324, 230, 1, 7, 9, 0, 1, '2022-12-14 17:36:58'),
(325, 238, 1, 4, 8, 0, 1, '2022-12-14 17:36:58'),
(326, 232, 1, 11, 5, 1, 1, '2022-12-14 17:36:58'),
(327, 230, 1, 8, 9, 0, 1, '2022-12-14 17:36:58'),
(328, 236, 1, 8, 5, 0, 1, '2022-12-14 17:36:58'),
(329, 229, 1, 5, 5, 0, 1, '2022-12-14 17:36:58'),
(331, 234, 1, 5, 9, 0, 1, '2022-12-14 17:36:58'),
(332, 230, 1, 9, 10, 0, 1, '2022-12-14 17:36:58'),
(333, 238, 1, 5, 7, 0, 1, '2022-12-14 17:36:58'),
(334, 236, 1, 9, 9, 0, 1, '2022-12-14 17:36:58'),
(336, 230, 1, 10, 10, 0, 1, '2022-12-14 17:36:58'),
(337, 234, 1, 6, 10, 0, 1, '2022-12-14 17:36:58'),
(338, 230, 1, 11, 10, 0, 1, '2022-12-14 17:36:58'),
(340, 238, 1, 6, 5, 0, 1, '2022-12-14 17:36:58'),
(341, 234, 1, 7, 8, 0, 1, '2022-12-14 17:36:58'),
(342, 238, 1, 7, 9, 0, 1, '2022-12-14 17:36:58'),
(343, 236, 1, 10, 5, 0, 1, '2022-12-14 17:36:58'),
(344, 229, 1, 6, 5, 1, 1, '2022-12-14 17:36:58'),
(345, 234, 1, 8, 9, 0, 1, '2022-12-14 17:36:58'),
(346, 238, 1, 8, 5, 0, 1, '2022-12-14 17:36:58'),
(347, 236, 1, 11, 5, 0, 1, '2022-12-14 17:36:58'),
(350, 229, 1, 7, 10, 0, 1, '2022-12-14 17:36:58'),
(352, 234, 1, 9, 9, 0, 1, '2022-12-14 17:36:58'),
(353, 237, 1, 8, 5, 0, 1, '2022-12-14 17:36:58'),
(354, 238, 1, 9, 6, 0, 1, '2022-12-14 17:36:58'),
(358, 229, 1, 8, 10, 0, 1, '2022-12-14 17:36:58'),
(359, 238, 1, 10, 8, 0, 1, '2022-12-14 17:36:58'),
(360, 238, 1, 11, 10, 0, 1, '2022-12-14 17:36:58'),
(361, 234, 1, 10, 7, 0, 1, '2022-12-14 17:36:58'),
(363, 229, 1, 9, 5, 0, 1, '2022-12-14 17:36:58'),
(365, 235, 1, 8, 6, 0, 1, '2022-12-14 17:36:58'),
(366, 229, 1, 10, 9, 0, 1, '2022-12-14 17:36:58'),
(368, 235, 1, 9, 9, 0, 1, '2022-12-14 17:36:58'),
(369, 229, 1, 11, 5, 0, 1, '2022-12-14 17:36:58'),
(370, 235, 1, 10, 6, 0, 1, '2022-12-14 17:36:58'),
(371, 234, 1, 11, 5, 0, 1, '2022-12-14 17:36:58'),
(372, 231, 1, 3, 5, 1, 1, '2022-12-14 17:36:58'),
(373, 233, 1, 1, 6, 1, 1, '2022-12-14 17:36:58'),
(374, 233, 1, 2, 10, 0, 1, '2022-12-14 17:36:58'),
(375, 235, 1, 11, 5, 0, 1, '2022-12-14 17:36:58'),
(376, 233, 1, 3, 10, 0, 1, '2022-12-14 17:36:58'),
(377, 231, 1, 4, 5, 1, 1, '2022-12-14 17:36:58'),
(378, 233, 1, 4, 6, 1, 1, '2022-12-14 17:36:58'),
(379, 233, 1, 5, 8, 0, 1, '2022-12-14 17:36:58'),
(380, 231, 1, 5, 10, 0, 1, '2022-12-14 17:36:58'),
(381, 233, 1, 6, 10, 0, 1, '2022-12-14 17:36:58'),
(382, 231, 1, 6, 9, 0, 1, '2022-12-14 17:36:58'),
(383, 233, 1, 7, 9, 0, 1, '2022-12-14 17:36:58'),
(384, 233, 1, 8, 10, 0, 1, '2022-12-14 17:36:58'),
(385, 231, 1, 7, 9, 0, 1, '2022-12-14 17:36:58'),
(386, 233, 1, 9, 8, 0, 1, '2022-12-14 17:36:58'),
(387, 231, 1, 8, 6, 0, 1, '2022-12-14 17:36:58'),
(389, 231, 1, 9, 9, 0, 1, '2022-12-14 17:36:58'),
(390, 233, 1, 10, 10, 0, 1, '2022-12-14 17:36:58'),
(392, 233, 1, 11, 10, 0, 1, '2022-12-14 17:36:58'),
(393, 231, 1, 10, 8, 0, 1, '2022-12-14 17:36:58'),
(394, 231, 1, 11, 10, 0, 1, '2022-12-14 17:36:58'),
(395, 239, 1, 1, 10, 0, 1, '2022-12-14 17:36:58'),
(396, 239, 1, 2, 8, 0, 1, '2022-12-14 17:36:58'),
(397, 240, 1, 1, 9, 0, 1, '2022-12-14 17:36:58'),
(398, 239, 1, 3, 6, 0, 1, '2022-12-14 17:36:58'),
(399, 240, 1, 2, 10, 0, 1, '2022-12-14 17:36:58'),
(400, 240, 1, 3, 5, 0, 1, '2022-12-14 17:36:58'),
(401, 239, 1, 4, 9, 0, 1, '2022-12-14 17:36:58'),
(402, 240, 1, 4, 10, 0, 1, '2022-12-14 17:36:58'),
(404, 235, 1, 2, 10, 0, 1, '2022-12-14 17:36:58'),
(405, 239, 1, 5, 10, 0, 1, '2022-12-14 17:36:58'),
(406, 235, 1, 3, 10, 0, 1, '2022-12-14 17:36:58'),
(407, 239, 1, 6, 10, 0, 1, '2022-12-14 17:36:58'),
(409, 235, 1, 4, 9, 0, 1, '2022-12-14 17:36:58'),
(411, 235, 1, 5, 10, 0, 1, '2022-12-14 17:36:58'),
(412, 240, 1, 5, 8, 0, 1, '2022-12-14 17:36:58'),
(413, 235, 1, 6, 10, 0, 1, '2022-12-14 17:36:58'),
(414, 235, 1, 7, 10, 0, 1, '2022-12-14 17:36:58'),
(415, 239, 1, 7, 7, 0, 1, '2022-12-14 17:36:58'),
(418, 237, 1, 4, 10, 0, 1, '2022-12-14 17:36:58'),
(422, 239, 1, 8, 7, 0, 1, '2022-12-14 17:36:58'),
(423, 237, 1, 7, 10, 0, 1, '2022-12-14 17:36:58'),
(426, 239, 1, 9, 8, 0, 1, '2022-12-14 17:36:58'),
(428, 237, 1, 10, 10, 0, 1, '2022-12-14 17:36:58'),
(430, 240, 1, 6, 8, 0, 1, '2022-12-14 17:36:58'),
(431, 237, 1, 11, 5, 0, 1, '2022-12-14 17:36:58'),
(432, 239, 1, 10, 6, 0, 1, '2022-12-14 17:36:58'),
(433, 239, 1, 11, 10, 0, 1, '2022-12-14 17:36:58'),
(435, 240, 1, 7, 8, 0, 1, '2022-12-14 17:36:58'),
(436, 237, 1, 2, 5, 0, 1, '2022-12-14 17:36:58'),
(437, 237, 1, 3, 10, 0, 1, '2022-12-14 17:36:58'),
(438, 240, 1, 8, 10, 0, 1, '2022-12-14 17:36:58'),
(440, 240, 1, 9, 8, 0, 1, '2022-12-14 17:36:58'),
(442, 237, 1, 6, 8, 0, 1, '2022-12-14 17:36:58'),
(443, 240, 1, 10, 8, 0, 1, '2022-12-14 17:36:58'),
(445, 240, 1, 11, 8, 0, 1, '2022-12-14 17:36:58'),
(447, 237, 1, 9, 10, 0, 1, '2022-12-14 17:36:58'),
(452, 241, 1, 1, 9, 0, 1, '2022-12-14 17:36:58'),
(453, 241, 1, 2, 5, 0, 1, '2022-12-14 17:36:58'),
(454, 241, 1, 3, 10, 0, 1, '2022-12-14 17:36:58'),
(455, 241, 1, 4, 10, 0, 1, '2022-12-14 17:36:58'),
(456, 241, 1, 5, 9, 0, 1, '2022-12-14 17:36:58'),
(457, 241, 1, 6, 10, 0, 1, '2022-12-14 17:36:58'),
(458, 241, 1, 7, 5, 0, 1, '2022-12-14 17:36:58'),
(459, 241, 1, 8, 10, 0, 1, '2022-12-14 17:36:58'),
(460, 241, 1, 9, 10, 0, 1, '2022-12-14 17:36:58'),
(461, 241, 1, 10, 10, 0, 1, '2022-12-14 17:36:58'),
(462, 241, 1, 11, 10, 0, 1, '2022-12-14 17:36:58');

-- --------------------------------------------------------

--
-- Table structure for table `exam_items`
--

CREATE TABLE `exam_items` (
  `examitem_id` int(11) NOT NULL,
  `question` varchar(500) NOT NULL,
  `exam_ch1` varchar(255) NOT NULL,
  `exam_ch2` varchar(255) NOT NULL,
  `exam_ch3` varchar(255) NOT NULL,
  `exam_ch4` varchar(255) NOT NULL,
  `answerkey` varchar(255) NOT NULL,
  `hint` varchar(255) NOT NULL,
  `exam_id` int(11) NOT NULL
);

--
-- Dumping data for table `exam_items`
--

INSERT INTO `exam_items` (`examitem_id`, `question`, `exam_ch1`, `exam_ch2`, `exam_ch3`, `exam_ch4`, `answerkey`, `hint`, `exam_id`) VALUES
(1, ' It is the intersection of a plane and a double-napped cone.', 'locus', 'conic section', 'circle', 'radius', 'conic section', 'Two connecting cones', 1),
(2, 'A collection of points satisfying a geometric property can also be \r\nreferred to as a ______ of points.\r\n', 'locus', 'conic section', 'circle', 'radius', 'locus', 'Collection of points', 1),
(3, 'A ____________ is the set of all points (x, y) in a plane that are\r\nequidistant from a fixed point, called the center.', 'locus', 'conic section', 'circle', 'radius', 'circle', 'A cone with fixed point and center', 1),
(4, 'A/n ____________ is the set of all points in the plane that are equidistant from a fixed point F(called the focus) and a fixed line or (called the directrix).', 'circle', 'ellipse', 'parabola', 'hyperbola', 'parabola', 'A cone that contains vertex', 1),
(5, 'A/n ___________ is the set of all points in the plane the sum of \r\nwhose distances from two fixed points \\(F_{1}\\) and \\(F_{2}\\) is a constant.', 'circle', 'ellipse', 'parabola', 'hyperbola\r\n', 'ellipse', 'It is an elongated circle', 1),
(6, 'A/n ____________ is the set of all points in the plane, the difference \r\nof whose distances from two fixed points \\(F_{1}\\) and \\(F_{2}\\) is a constant.\r\n', 'circle', 'ellipse', 'parabola ', 'hyperbola', 'hyperbola', 'A cone with two opposite parabolas', 1),
(7, '\\(6x^2+12x+6y^2-8y=100\\) is an example of a', 'Circle', 'parabola ', 'ellipse', 'hyperbola', 'Circle', 'x and y have squares and its coefficients are equal', 1),
(8, '\\(4x^2+12x+y^2-8y=64\\) is an example of a', 'Circle', 'parabola', 'ellipse', 'hyperbola', 'ellipse', 'x and y have squares but its coefficients are equal and the sign between', 1),
(9, '\\(6y=3x^2−15\\) is an example of a', 'Circle', 'parabola', 'ellipse', 'hyperbola', 'parabola', 'Only one variable (either x or y) has a square', 1),
(10, '\\(2x^2+87x-25=y^2+4y\\) is an example of a', 'Circle', 'parabola', 'ellipse', 'hyperbola', 'hyperbola', 'x and y have squares, coefficients are different, the sign between them is subtraction', 1),
(11, '\\(6x^2-15x=3y^2+4y+13\\) is an example of a', 'Circle', 'parabola', 'ellipse', 'hyperbola', 'hyperbola', 'x and y have squares, coefficients are different, the sign between them is subtraction.', 1);

-- --------------------------------------------------------

--
-- Table structure for table `exam_mistakes`
--

CREATE TABLE `exam_mistakes` (
  `mistake_id` int(11) NOT NULL,
  `student_id` int(11) NOT NULL,
  `examitem_id` int(11) NOT NULL,
  `exam_id` int(11) NOT NULL,
  `answer_input` varchar(100) NOT NULL,
  `mistakes` int(11) NOT NULL,
  `exam_attempt` int(255) NOT NULL,
  `examistakes_date` timestamp NOT NULL DEFAULT current_timestamp() ON UPDATE current_timestamp()
);

--
-- Dumping data for table `exam_mistakes`
--

INSERT INTO `exam_mistakes` (`mistake_id`, `student_id`, `examitem_id`, `exam_id`, `answer_input`, `mistakes`, `exam_attempt`, `examistakes_date`) VALUES
(601, 232, 4, 1, 'circle', 1, 1, '2022-12-13 04:15:08'),
(602, 232, 4, 1, 'hyperbola', 1, 1, '2022-12-13 04:15:08'),
(603, 232, 4, 1, 'circle', 1, 1, '2022-12-13 04:15:08'),
(604, 232, 4, 1, 'ellipse', 1, 1, '2022-12-13 04:15:08'),
(605, 232, 4, 1, 'circle', 1, 1, '2022-12-13 04:15:08'),
(606, 232, 4, 1, '', 1, 1, '2022-12-13 04:15:08'),
(607, 232, 4, 1, 'hyperbola', 1, 1, '2022-12-13 04:15:08'),
(608, 236, 1, 1, 'locus', 1, 1, '2022-12-13 04:15:08'),
(609, 236, 1, 1, 'locus', 1, 1, '2022-12-13 04:15:08'),
(610, 232, 5, 1, 'hyperbola\r\n', 1, 1, '2022-12-13 04:15:08'),
(611, 236, 1, 1, 'locus', 1, 1, '2022-12-13 04:15:08'),
(612, 232, 6, 1, '', 1, 1, '2022-12-13 04:15:08'),
(613, 236, 1, 1, '', 1, 1, '2022-12-13 04:15:08'),
(614, 232, 6, 1, 'circle', 1, 1, '2022-12-13 04:15:08'),
(615, 236, 1, 1, 'locus', 1, 1, '2022-12-13 04:15:08'),
(616, 232, 6, 1, 'circle', 1, 1, '2022-12-13 04:15:08'),
(617, 232, 6, 1, 'circle', 1, 1, '2022-12-13 04:15:08'),
(618, 236, 2, 1, 'conic section', 1, 1, '2022-12-13 04:15:08'),
(619, 236, 2, 1, 'conic section', 1, 1, '2022-12-13 04:15:08'),
(620, 232, 7, 1, 'parabola ', 1, 1, '2022-12-13 04:15:08'),
(622, 232, 7, 1, '', 1, 1, '2022-12-13 04:15:08'),
(623, 236, 2, 1, 'radius', 1, 1, '2022-12-13 04:15:08'),
(624, 237, 2, 1, 'conic section', 1, 1, '2022-12-13 04:15:08'),
(625, 230, 1, 1, 'locus', 1, 1, '2022-12-13 04:15:08'),
(626, 232, 8, 1, '', 1, 1, '2022-12-13 04:15:08'),
(627, 230, 1, 1, 'locus', 1, 1, '2022-12-13 04:15:08'),
(628, 232, 8, 1, '', 1, 1, '2022-12-13 04:15:08'),
(629, 230, 1, 1, 'locus', 1, 1, '2022-12-13 04:15:08'),
(630, 232, 8, 1, 'hyperbola', 1, 1, '2022-12-13 04:15:08'),
(631, 236, 2, 1, 'radius', 1, 1, '2022-12-13 04:15:08'),
(632, 230, 1, 1, '', 1, 1, '2022-12-13 04:15:08'),
(633, 236, 2, 1, 'circle', 1, 1, '2022-12-13 04:15:08'),
(634, 236, 2, 1, 'conic section', 1, 1, '2022-12-13 04:15:08'),
(635, 232, 8, 1, 'parabola', 1, 1, '2022-12-13 04:15:08'),
(636, 232, 8, 1, '', 1, 1, '2022-12-13 04:15:08'),
(637, 236, 3, 1, 'locus', 1, 1, '2022-12-13 04:15:08'),
(638, 232, 8, 1, 'Circle', 1, 1, '2022-12-13 04:15:08'),
(639, 236, 3, 1, 'conic section', 1, 1, '2022-12-13 04:15:08'),
(640, 232, 8, 1, 'hyperbola', 1, 1, '2022-12-13 04:15:08'),
(641, 236, 3, 1, 'radius', 1, 1, '2022-12-13 04:15:08'),
(643, 236, 3, 1, 'conic section', 1, 1, '2022-12-13 04:15:08'),
(644, 232, 8, 1, 'hyperbola', 1, 1, '2022-12-13 04:15:08'),
(645, 236, 3, 1, 'conic section', 1, 1, '2022-12-13 04:15:08'),
(646, 232, 8, 1, 'parabola', 1, 1, '2022-12-13 04:15:08'),
(648, 236, 3, 1, 'locus', 1, 1, '2022-12-13 04:15:08'),
(652, 232, 9, 1, '', 1, 1, '2022-12-13 04:15:08'),
(654, 232, 9, 1, '', 1, 1, '2022-12-13 04:15:08'),
(657, 236, 4, 1, 'ellipse', 1, 1, '2022-12-13 04:15:08'),
(658, 232, 9, 1, 'hyperbola', 1, 1, '2022-12-13 04:15:08'),
(659, 230, 4, 1, '', 1, 1, '2022-12-13 04:15:08'),
(660, 236, 4, 1, 'ellipse', 1, 1, '2022-12-13 04:15:08'),
(661, 236, 4, 1, 'hyperbola', 1, 1, '2022-12-13 04:15:08'),
(662, 230, 4, 1, '', 1, 1, '2022-12-13 04:15:08'),
(663, 236, 4, 1, 'circle', 1, 1, '2022-12-13 04:15:08'),
(664, 230, 4, 1, 'circle', 1, 1, '2022-12-13 04:15:08'),
(665, 236, 4, 1, 'hyperbola', 1, 1, '2022-12-13 04:15:08'),
(668, 230, 5, 1, '', 1, 1, '2022-12-13 04:15:08'),
(671, 230, 5, 1, 'parabola', 1, 1, '2022-12-13 04:15:08'),
(672, 232, 10, 1, 'parabola', 1, 1, '2022-12-13 04:15:08'),
(673, 236, 5, 1, 'parabola', 1, 1, '2022-12-13 04:15:08'),
(675, 236, 5, 1, 'circle', 1, 1, '2022-12-13 04:15:08'),
(676, 232, 10, 1, '', 1, 1, '2022-12-13 04:15:08'),
(677, 234, 2, 1, 'radius', 1, 1, '2022-12-13 04:15:08'),
(679, 230, 6, 1, '', 1, 1, '2022-12-13 04:15:08'),
(681, 230, 6, 1, '', 1, 1, '2022-12-13 04:15:08'),
(682, 236, 6, 1, 'circle', 1, 1, '2022-12-13 04:15:08'),
(684, 238, 2, 1, 'conic section', 1, 1, '2022-12-13 04:15:08'),
(685, 236, 6, 1, 'circle', 1, 1, '2022-12-13 04:15:08'),
(689, 230, 6, 1, '', 1, 1, '2022-12-13 04:15:08'),
(690, 236, 6, 1, 'circle', 1, 1, '2022-12-13 04:15:08'),
(692, 236, 6, 1, '', 1, 1, '2022-12-13 04:15:08'),
(693, 232, 11, 1, '', 1, 1, '2022-12-13 04:15:08'),
(695, 230, 6, 1, 'parabola ', 1, 1, '2022-12-13 04:15:08'),
(697, 229, 2, 1, 'conic section', 1, 1, '2022-12-13 04:15:08'),
(698, 236, 7, 1, 'ellipse', 1, 1, '2022-12-13 04:15:08'),
(699, 237, 5, 1, 'hyperbola\r\n', 1, 1, '2022-12-13 04:15:08'),
(702, 230, 6, 1, 'ellipse', 1, 1, '2022-12-13 04:15:08'),
(703, 236, 7, 1, 'hyperbola', 1, 1, '2022-12-13 04:15:08'),
(704, 237, 5, 1, 'circle', 1, 1, '2022-12-13 04:15:08'),
(707, 229, 2, 1, 'conic section', 1, 1, '2022-12-13 04:15:08'),
(708, 229, 2, 1, 'conic section', 1, 1, '2022-12-13 04:15:08'),
(709, 237, 5, 1, '', 1, 1, '2022-12-13 04:15:08'),
(710, 229, 2, 1, 'circle', 1, 1, '2022-12-13 04:15:08'),
(711, 236, 7, 1, 'ellipse', 1, 1, '2022-12-13 04:15:08'),
(712, 229, 2, 1, 'conic section', 1, 1, '2022-12-13 04:15:08'),
(713, 232, 11, 1, 'Circle', 1, 1, '2022-12-13 04:15:08'),
(714, 236, 7, 1, '', 1, 1, '2022-12-13 04:15:08'),
(715, 229, 2, 1, 'radius', 1, 1, '2022-12-13 04:15:08'),
(716, 229, 2, 1, 'radius', 1, 1, '2022-12-13 04:15:08'),
(717, 236, 7, 1, 'parabola ', 1, 1, '2022-12-13 04:15:08'),
(718, 232, 11, 1, 'Circle', 1, 1, '2022-12-13 04:15:08'),
(719, 237, 5, 1, 'circle', 1, 1, '2022-12-13 04:15:08'),
(720, 236, 7, 1, 'ellipse', 1, 1, '2022-12-13 04:15:08'),
(721, 238, 3, 1, 'conic section', 1, 1, '2022-12-13 04:15:08'),
(723, 236, 7, 1, 'hyperbola', 1, 1, '2022-12-13 04:15:08'),
(724, 237, 5, 1, 'parabola', 1, 1, '2022-12-13 04:15:08'),
(725, 238, 3, 1, 'conic section', 1, 1, '2022-12-13 04:15:08'),
(726, 232, 11, 1, '', 1, 1, '2022-12-13 04:15:08'),
(727, 237, 5, 1, 'hyperbola\r\n', 1, 1, '2022-12-13 04:15:08'),
(728, 238, 3, 1, 'radius', 1, 1, '2022-12-13 04:15:08'),
(730, 238, 3, 1, 'locus', 1, 1, '2022-12-13 04:15:08'),
(732, 238, 3, 1, 'locus', 1, 1, '2022-12-13 04:15:08'),
(735, 238, 3, 1, 'conic section', 1, 1, '2022-12-13 04:15:08'),
(737, 236, 8, 1, 'parabola', 1, 1, '2022-12-13 04:15:08'),
(740, 230, 7, 1, 'ellipse', 1, 1, '2022-12-13 04:15:08'),
(741, 236, 8, 1, 'parabola', 1, 1, '2022-12-13 04:15:08'),
(743, 236, 8, 1, 'hyperbola', 1, 1, '2022-12-13 04:15:08'),
(744, 238, 4, 1, 'ellipse', 1, 1, '2022-12-13 04:15:08'),
(745, 229, 5, 1, 'parabola', 1, 1, '2022-12-13 04:15:08'),
(747, 229, 5, 1, 'parabola', 1, 1, '2022-12-13 04:15:08'),
(748, 236, 8, 1, 'Circle', 1, 1, '2022-12-13 04:15:08'),
(749, 229, 5, 1, 'parabola', 1, 1, '2022-12-13 04:15:08'),
(750, 238, 4, 1, 'ellipse', 1, 1, '2022-12-13 04:15:08'),
(751, 229, 5, 1, 'parabola', 1, 1, '2022-12-13 04:15:08'),
(752, 234, 5, 1, '', 1, 1, '2022-12-13 04:15:08'),
(753, 230, 8, 1, 'Circle', 1, 1, '2022-12-13 04:15:08'),
(755, 229, 5, 1, 'hyperbola\r\n', 1, 1, '2022-12-13 04:15:08'),
(756, 232, 11, 1, 'Circle', 1, 1, '2022-12-13 04:15:08'),
(757, 229, 5, 1, 'hyperbola\r\n', 1, 1, '2022-12-13 04:15:08'),
(758, 236, 8, 1, 'Circle', 1, 1, '2022-12-13 04:15:08'),
(760, 236, 8, 1, 'parabola', 1, 1, '2022-12-13 04:15:08'),
(761, 229, 5, 1, 'circle', 1, 1, '2022-12-13 04:15:08'),
(762, 238, 5, 1, 'parabola', 1, 1, '2022-12-13 04:15:08'),
(764, 238, 5, 1, 'circle', 1, 1, '2022-12-13 04:15:08'),
(766, 238, 5, 1, 'circle', 1, 1, '2022-12-13 04:15:08'),
(767, 236, 9, 1, 'hyperbola', 1, 1, '2022-12-13 04:15:08'),
(768, 229, 6, 1, 'circle', 1, 1, '2022-12-13 04:15:08'),
(769, 229, 6, 1, 'circle', 1, 1, '2022-12-13 04:15:08'),
(771, 229, 6, 1, 'circle', 1, 1, '2022-12-13 04:15:08'),
(772, 231, 3, 1, 'radius', 1, 1, '2022-12-13 04:15:08'),
(773, 236, 10, 1, 'parabola', 1, 1, '2022-12-13 04:15:08'),
(778, 238, 6, 1, 'parabola ', 1, 1, '2022-12-13 04:15:08'),
(779, 236, 10, 1, '', 1, 1, '2022-12-13 04:15:08'),
(780, 229, 6, 1, 'ellipse', 1, 1, '2022-12-13 04:15:08'),
(781, 229, 6, 1, 'ellipse', 1, 1, '2022-12-13 04:15:08'),
(782, 238, 6, 1, 'circle', 1, 1, '2022-12-13 04:15:08'),
(784, 236, 10, 1, 'parabola', 1, 1, '2022-12-13 04:15:08'),
(785, 229, 6, 1, 'parabola ', 1, 1, '2022-12-13 04:15:08'),
(786, 238, 6, 1, 'circle', 1, 1, '2022-12-13 04:15:08'),
(791, 238, 6, 1, 'ellipse', 1, 1, '2022-12-13 04:15:08'),
(793, 236, 10, 1, 'parabola', 1, 1, '2022-12-13 04:15:08'),
(794, 234, 7, 1, '', 1, 1, '2022-12-13 04:15:08'),
(796, 231, 3, 1, '', 1, 1, '2022-12-13 04:15:08'),
(798, 238, 6, 1, 'parabola ', 1, 1, '2022-12-13 04:15:08'),
(800, 238, 6, 1, 'ellipse', 1, 1, '2022-12-13 04:15:08'),
(801, 234, 7, 1, 'parabola ', 1, 1, '2022-12-13 04:15:08'),
(803, 238, 6, 1, 'circle', 1, 1, '2022-12-13 04:15:08'),
(804, 236, 10, 1, 'Circle', 1, 1, '2022-12-13 04:15:08'),
(807, 236, 10, 1, 'parabola', 1, 1, '2022-12-13 04:15:08'),
(808, 236, 10, 1, 'ellipse', 1, 1, '2022-12-13 04:15:08'),
(809, 231, 3, 1, 'conic section', 1, 1, '2022-12-13 04:15:08'),
(810, 238, 7, 1, 'hyperbola', 1, 1, '2022-12-13 04:15:08'),
(811, 237, 8, 1, '', 1, 1, '2022-12-13 04:15:08'),
(816, 237, 8, 1, 'parabola', 1, 1, '2022-12-13 04:15:08'),
(818, 234, 8, 1, 'Circle', 1, 1, '2022-12-13 04:15:08'),
(819, 236, 11, 1, 'parabola', 1, 1, '2022-12-13 04:15:08'),
(820, 238, 8, 1, 'hyperbola', 1, 1, '2022-12-13 04:15:08'),
(823, 237, 8, 1, '', 1, 1, '2022-12-13 04:15:08'),
(824, 236, 11, 1, 'parabola', 1, 1, '2022-12-13 04:15:08'),
(825, 238, 8, 1, 'Circle', 1, 1, '2022-12-13 04:15:08'),
(827, 236, 11, 1, '', 1, 1, '2022-12-13 04:15:08'),
(828, 238, 8, 1, 'Circle', 1, 1, '2022-12-13 04:15:08'),
(833, 237, 8, 1, '', 1, 1, '2022-12-13 04:15:08'),
(834, 238, 8, 1, 'Circle', 1, 1, '2022-12-13 04:15:08'),
(837, 236, 11, 1, 'Circle', 1, 1, '2022-12-13 04:15:08'),
(838, 237, 8, 1, 'hyperbola', 1, 1, '2022-12-13 04:15:08'),
(839, 238, 8, 1, 'hyperbola', 1, 1, '2022-12-13 04:15:08'),
(840, 236, 11, 1, 'parabola', 1, 1, '2022-12-13 04:15:08'),
(843, 238, 8, 1, 'parabola', 1, 1, '2022-12-13 04:15:08'),
(845, 237, 8, 1, 'Circle', 1, 1, '2022-12-13 04:15:08'),
(846, 236, 11, 1, 'ellipse', 1, 1, '2022-12-13 04:15:08'),
(849, 234, 9, 1, 'hyperbola', 1, 1, '2022-12-13 04:15:08'),
(850, 237, 8, 1, 'parabola', 1, 1, '2022-12-13 04:15:08'),
(851, 231, 3, 1, 'locus', 1, 1, '2022-12-13 04:15:08'),
(852, 238, 9, 1, 'ellipse', 1, 1, '2022-12-13 04:15:08'),
(854, 238, 9, 1, 'Circle', 1, 1, '2022-12-13 04:15:08'),
(855, 231, 3, 1, 'conic section', 1, 1, '2022-12-13 04:15:08'),
(860, 238, 9, 1, 'hyperbola', 1, 1, '2022-12-13 04:15:08'),
(862, 238, 9, 1, 'Circle', 1, 1, '2022-12-13 04:15:08'),
(863, 231, 3, 1, '', 1, 1, '2022-12-13 04:15:08'),
(866, 234, 10, 1, '', 1, 1, '2022-12-13 04:15:08'),
(869, 231, 3, 1, '', 1, 1, '2022-12-13 04:15:08'),
(871, 234, 10, 1, 'Circle', 1, 1, '2022-12-13 04:15:08'),
(872, 238, 10, 1, 'ellipse', 1, 1, '2022-12-13 04:15:08'),
(873, 238, 10, 1, 'Circle', 1, 1, '2022-12-13 04:15:08'),
(874, 234, 10, 1, 'parabola', 1, 1, '2022-12-13 04:15:08'),
(876, 229, 9, 1, 'ellipse', 1, 1, '2022-12-13 04:15:08'),
(877, 229, 9, 1, 'hyperbola', 1, 1, '2022-12-13 04:15:08'),
(878, 235, 8, 1, '', 1, 1, '2022-12-13 04:15:08'),
(879, 229, 9, 1, 'ellipse', 1, 1, '2022-12-13 04:15:08'),
(880, 235, 8, 1, 'Circle', 1, 1, '2022-12-13 04:15:08'),
(881, 229, 9, 1, 'Circle', 1, 1, '2022-12-13 04:15:08'),
(883, 235, 8, 1, '', 1, 1, '2022-12-13 04:15:08'),
(884, 229, 9, 1, 'hyperbola', 1, 1, '2022-12-13 04:15:08'),
(885, 229, 9, 1, 'hyperbola', 1, 1, '2022-12-13 04:15:08'),
(886, 229, 9, 1, 'ellipse', 1, 1, '2022-12-13 04:15:08'),
(888, 235, 8, 1, 'parabola', 1, 1, '2022-12-13 04:15:08'),
(889, 229, 10, 1, 'ellipse', 1, 1, '2022-12-13 04:15:08'),
(890, 234, 11, 1, '', 1, 1, '2022-12-13 04:15:08'),
(891, 229, 11, 1, 'parabola', 1, 1, '2022-12-13 04:15:08'),
(892, 229, 11, 1, 'parabola', 1, 1, '2022-12-13 04:15:08'),
(893, 229, 11, 1, 'parabola', 1, 1, '2022-12-13 04:15:08'),
(894, 234, 11, 1, '', 1, 1, '2022-12-13 04:15:08'),
(895, 237, 11, 1, 'parabola', 1, 1, '2022-12-13 04:15:08'),
(896, 229, 11, 1, 'Circle', 1, 1, '2022-12-13 04:15:08'),
(897, 237, 11, 1, 'parabola', 1, 1, '2022-12-13 04:15:08'),
(898, 234, 11, 1, '', 1, 1, '2022-12-13 04:15:08'),
(899, 229, 11, 1, 'parabola', 1, 1, '2022-12-13 04:15:08'),
(901, 234, 11, 1, '', 1, 1, '2022-12-13 04:15:08'),
(902, 229, 11, 1, 'ellipse', 1, 1, '2022-12-13 04:15:08'),
(903, 234, 11, 1, 'Circle', 1, 1, '2022-12-13 04:15:08'),
(904, 234, 11, 1, 'ellipse', 1, 1, '2022-12-13 04:15:08'),
(905, 235, 10, 1, '', 1, 1, '2022-12-13 04:15:08'),
(906, 234, 11, 1, 'parabola', 1, 1, '2022-12-13 04:15:08'),
(907, 235, 10, 1, '', 1, 1, '2022-12-13 04:15:08'),
(908, 235, 10, 1, '', 1, 1, '2022-12-13 04:15:08'),
(909, 234, 11, 1, '', 1, 1, '2022-12-13 04:15:08'),
(910, 235, 10, 1, '', 1, 1, '2022-12-13 04:15:08'),
(911, 231, 3, 1, 'locus', 1, 1, '2022-12-13 04:15:08'),
(912, 233, 1, 1, 'circle', 1, 1, '2022-12-13 04:15:08'),
(913, 233, 1, 1, '', 1, 1, '2022-12-13 04:15:08'),
(914, 235, 11, 1, 'parabola', 1, 1, '2022-12-13 04:15:08'),
(915, 233, 1, 1, 'radius', 1, 1, '2022-12-13 04:15:08'),
(916, 235, 11, 1, 'ellipse', 1, 1, '2022-12-13 04:15:08'),
(917, 235, 11, 1, 'parabola', 1, 1, '2022-12-13 04:15:08'),
(918, 235, 11, 1, 'Circle', 1, 1, '2022-12-13 04:15:08'),
(919, 233, 1, 1, '', 1, 1, '2022-12-13 04:15:08'),
(920, 235, 11, 1, '', 1, 1, '2022-12-13 04:15:08'),
(921, 235, 11, 1, 'Circle', 1, 1, '2022-12-13 04:15:08'),
(922, 235, 11, 1, 'parabola', 1, 1, '2022-12-13 04:15:08'),
(923, 235, 11, 1, 'ellipse', 1, 1, '2022-12-13 04:15:08'),
(924, 235, 11, 1, '', 1, 1, '2022-12-13 04:15:08'),
(925, 231, 4, 1, 'circle', 1, 1, '2022-12-13 04:15:08'),
(926, 231, 4, 1, '', 1, 1, '2022-12-13 04:15:08'),
(927, 231, 4, 1, 'hyperbola', 1, 1, '2022-12-13 04:15:08'),
(928, 231, 4, 1, 'ellipse', 1, 1, '2022-12-13 04:15:08'),
(929, 233, 4, 1, 'circle', 1, 1, '2022-12-13 04:15:08'),
(930, 231, 4, 1, '', 1, 1, '2022-12-13 04:15:08'),
(931, 233, 4, 1, 'hyperbola', 1, 1, '2022-12-13 04:15:08'),
(932, 233, 4, 1, '', 1, 1, '2022-12-13 04:15:08'),
(933, 231, 4, 1, 'hyperbola', 1, 1, '2022-12-13 04:15:08'),
(934, 233, 4, 1, 'ellipse', 1, 1, '2022-12-13 04:15:08'),
(935, 233, 5, 1, 'circle', 1, 1, '2022-12-13 04:15:08'),
(936, 233, 5, 1, 'hyperbola\r\n', 1, 1, '2022-12-13 04:15:08'),
(937, 231, 6, 1, '', 1, 1, '2022-12-13 04:15:08'),
(938, 233, 7, 1, '', 1, 1, '2022-12-13 04:15:08'),
(939, 231, 7, 1, 'hyperbola', 1, 1, '2022-12-13 04:15:08'),
(940, 233, 9, 1, '', 1, 1, '2022-12-13 04:15:08'),
(941, 231, 8, 1, 'parabola', 1, 1, '2022-12-13 04:15:08'),
(942, 231, 8, 1, '', 1, 1, '2022-12-13 04:15:08'),
(943, 233, 9, 1, 'hyperbola', 1, 1, '2022-12-13 04:15:08'),
(944, 231, 8, 1, '', 1, 1, '2022-12-13 04:15:08'),
(945, 231, 8, 1, 'Circle', 1, 1, '2022-12-13 04:15:08'),
(946, 231, 9, 1, '', 1, 1, '2022-12-13 04:15:08'),
(947, 231, 10, 1, 'ellipse', 1, 1, '2022-12-13 04:15:08'),
(948, 231, 10, 1, '', 1, 1, '2022-12-13 04:15:08'),
(951, 239, 2, 1, 'circle', 1, 1, '2022-12-13 04:15:08'),
(954, 239, 2, 1, 'radius', 1, 1, '2022-12-13 04:15:08'),
(955, 239, 3, 1, 'radius', 1, 1, '2022-12-13 04:15:08'),
(957, 239, 3, 1, 'locus', 1, 1, '2022-12-13 04:15:08'),
(958, 239, 3, 1, '', 1, 1, '2022-12-13 04:15:08'),
(959, 240, 1, 1, 'circle', 1, 1, '2022-12-13 04:15:08'),
(960, 239, 3, 1, 'conic section', 1, 1, '2022-12-13 04:15:08'),
(961, 240, 3, 1, 'radius', 1, 1, '2022-12-13 04:15:08'),
(962, 240, 3, 1, 'conic section', 1, 1, '2022-12-13 04:15:08'),
(963, 239, 4, 1, 'ellipse', 1, 1, '2022-12-13 04:15:08'),
(964, 240, 3, 1, 'locus', 1, 1, '2022-12-13 04:15:08'),
(965, 240, 3, 1, 'conic section', 1, 1, '2022-12-13 04:15:08'),
(966, 240, 3, 1, 'locus', 1, 1, '2022-12-13 04:15:08'),
(967, 235, 1, 1, '', 1, 1, '2022-12-13 04:15:08'),
(968, 240, 5, 1, 'hyperbola\r\n', 1, 1, '2022-12-13 04:15:08'),
(969, 235, 4, 1, 'ellipse', 1, 1, '2022-12-13 04:15:08'),
(970, 237, 2, 1, 'circle', 1, 1, '2022-12-13 04:15:08'),
(971, 240, 5, 1, 'circle', 1, 1, '2022-12-13 04:15:08'),
(972, 237, 2, 1, 'radius', 1, 1, '2022-12-13 04:15:08'),
(974, 239, 7, 1, '', 1, 1, '2022-12-13 04:15:08'),
(977, 239, 7, 1, '', 1, 1, '2022-12-13 04:15:08'),
(979, 239, 7, 1, 'hyperbola', 1, 1, '2022-12-13 04:15:08'),
(982, 239, 8, 1, '', 1, 1, '2022-12-13 04:15:08'),
(983, 235, 9, 1, 'hyperbola', 1, 1, '2022-12-13 04:15:08'),
(984, 239, 8, 1, 'parabola', 1, 1, '2022-12-13 04:15:08'),
(986, 239, 8, 1, 'hyperbola', 1, 1, '2022-12-13 04:15:08'),
(987, 239, 9, 1, 'hyperbola', 1, 1, '2022-12-13 04:15:08'),
(989, 239, 9, 1, '', 1, 1, '2022-12-13 04:15:08'),
(991, 240, 6, 1, 'ellipse', 1, 1, '2022-12-13 04:15:08'),
(992, 235, 11, 1, 'Circle', 1, 1, '2022-12-13 04:15:08'),
(993, 235, 11, 1, 'ellipse', 1, 1, '2022-12-13 04:15:08'),
(994, 237, 11, 1, 'Circle', 1, 1, '2022-12-13 04:15:08'),
(995, 240, 6, 1, 'ellipse', 1, 1, '2022-12-13 04:15:08'),
(996, 235, 11, 1, 'parabola', 1, 1, '2022-12-13 04:15:08'),
(997, 239, 10, 1, '', 1, 1, '2022-12-13 04:15:08'),
(998, 237, 11, 1, '', 1, 1, '2022-12-13 04:15:08'),
(999, 239, 10, 1, '', 1, 1, '2022-12-13 04:15:08'),
(1000, 237, 11, 1, 'parabola', 1, 1, '2022-12-13 04:15:08'),
(1001, 237, 11, 1, 'ellipse', 1, 1, '2022-12-13 04:15:08'),
(1002, 239, 10, 1, 'ellipse', 1, 1, '2022-12-13 04:15:08'),
(1003, 239, 10, 1, 'parabola', 1, 1, '2022-12-13 04:15:08'),
(1004, 240, 7, 1, 'parabola ', 1, 1, '2022-12-13 04:15:08'),
(1005, 240, 7, 1, 'parabola ', 1, 1, '2022-12-13 04:15:08'),
(1006, 237, 2, 1, 'circle', 1, 1, '2022-12-13 04:15:08'),
(1007, 237, 2, 1, '', 1, 1, '2022-12-13 04:15:08'),
(1008, 237, 2, 1, 'conic section', 1, 1, '2022-12-13 04:15:08'),
(1009, 237, 2, 1, 'radius', 1, 1, '2022-12-13 04:15:08'),
(1014, 240, 9, 1, 'ellipse', 1, 1, '2022-12-13 04:15:08'),
(1016, 240, 9, 1, 'Circle', 1, 1, '2022-12-13 04:15:08'),
(1017, 237, 5, 1, 'parabola', 1, 1, '2022-12-13 04:15:08'),
(1018, 237, 5, 1, 'hyperbola\r\n', 1, 1, '2022-12-13 04:15:08'),
(1019, 237, 6, 1, 'parabola ', 1, 1, '2022-12-13 04:15:08'),
(1020, 240, 10, 1, 'parabola', 1, 1, '2022-12-13 04:15:08'),
(1021, 237, 6, 1, 'circle', 1, 1, '2022-12-13 04:15:08'),
(1022, 240, 10, 1, 'parabola', 1, 1, '2022-12-13 04:15:08'),
(1025, 240, 11, 1, 'Circle', 1, 1, '2022-12-13 04:15:08'),
(1026, 237, 8, 1, 'Circle', 1, 1, '2022-12-13 04:15:08'),
(1027, 240, 11, 1, 'ellipse', 1, 1, '2022-12-13 04:15:08'),
(1028, 237, 8, 1, 'Circle', 1, 1, '2022-12-13 04:15:08'),
(1029, 237, 8, 1, 'hyperbola', 1, 1, '2022-12-13 04:15:08'),
(1030, 237, 8, 1, 'parabola', 1, 1, '2022-12-13 04:15:08'),
(1033, 237, 11, 1, 'ellipse', 1, 1, '2022-12-13 04:15:08'),
(1034, 237, 11, 1, 'Circle', 1, 1, '2022-12-13 04:15:08'),
(1035, 237, 11, 1, 'parabola', 1, 1, '2022-12-13 04:15:08'),
(1040, 238, 1, 1, 'circle', 1, 1, '2022-12-13 04:15:08'),
(1041, 238, 2, 1, 'circle', 1, 1, '2022-12-13 04:15:08'),
(1042, 238, 2, 1, 'circle', 1, 1, '2022-12-13 04:15:08'),
(1043, 238, 2, 1, 'circle', 1, 1, '2022-12-13 04:15:08'),
(1045, 238, 2, 1, 'radius', 1, 1, '2022-12-13 04:15:08'),
(1047, 238, 2, 1, 'conic section', 1, 1, '2022-12-13 04:15:08'),
(1048, 238, 3, 1, 'conic section', 1, 1, '2022-12-13 04:15:08'),
(1049, 238, 3, 1, 'conic section', 1, 1, '2022-12-13 04:15:08'),
(1050, 241, 1, 1, '', 1, 1, '2022-12-13 04:15:08'),
(1051, 241, 2, 1, '', 1, 1, '2022-12-13 04:15:08'),
(1052, 241, 2, 1, 'radius', 1, 1, '2022-12-13 04:15:08'),
(1053, 241, 2, 1, 'conic section', 1, 1, '2022-12-13 04:15:08'),
(1054, 241, 2, 1, 'radius', 1, 1, '2022-12-13 04:15:08'),
(1055, 241, 2, 1, '', 1, 1, '2022-12-13 04:15:08'),
(1056, 241, 2, 1, '', 1, 1, '2022-12-13 04:15:08'),
(1057, 241, 2, 1, 'conic section', 1, 1, '2022-12-13 04:15:08'),
(1058, 241, 2, 1, 'circle', 1, 1, '2022-12-13 04:15:08'),
(1059, 241, 2, 1, 'radius', 1, 1, '2022-12-13 04:15:08'),
(1060, 241, 2, 1, 'conic section', 1, 1, '2022-12-13 04:15:08'),
(1061, 241, 5, 1, 'hyperbola\r\n', 1, 1, '2022-12-13 04:15:08'),
(1062, 241, 7, 1, 'hyperbola', 1, 1, '2022-12-13 04:15:08'),
(1063, 241, 7, 1, '', 1, 1, '2022-12-13 04:15:08'),
(1064, 241, 7, 1, 'parabola ', 1, 1, '2022-12-13 04:15:08'),
(1065, 241, 7, 1, 'ellipse', 1, 1, '2022-12-13 04:15:08'),
(1066, 241, 7, 1, '', 1, 1, '2022-12-13 04:15:08');

-- --------------------------------------------------------

--
-- Table structure for table `exam_results`
--

CREATE TABLE `exam_results` (
  `examresult_id` int(11) NOT NULL,
  `student_id` int(11) NOT NULL,
  `exam_id` int(11) NOT NULL,
  `total_mistakes` int(255) NOT NULL,
  `total_hintUsed` int(255) NOT NULL,
  `Student_Score` int(255) NOT NULL,
  `is_passed` int(100) NOT NULL,
  `exam_attempt` int(100) NOT NULL,
  `result_date` timestamp NOT NULL DEFAULT current_timestamp() ON UPDATE current_timestamp()
);

--
-- Dumping data for table `exam_results`
--

INSERT INTO `exam_results` (`examresult_id`, `student_id`, `exam_id`, `total_mistakes`, `total_hintUsed`, `Student_Score`, `is_passed`, `exam_attempt`, `result_date`) VALUES
(26, 232, 1, 33, 4, 83, 1, 1, '2022-12-13 04:15:08'),
(27, 230, 1, 16, 2, 94, 1, 1, '2022-12-13 04:15:08'),
(28, 236, 1, 55, 1, 63, 0, 1, '2022-12-13 04:15:08'),
(29, 238, 1, 39, 0, 77, 0, 1, '2022-12-13 04:15:08'),
(30, 237, 1, 39, 3, 88, 1, 1, '2022-12-13 04:15:08'),
(31, 229, 1, 82, 3, 84, 1, 1, '2022-12-13 04:15:08'),
(32, 234, 1, 17, 0, 96, 1, 1, '2022-12-13 04:15:08'),
(33, 235, 1, 31, 1, 95, 1, 1, '2022-12-13 04:15:08'),
(34, 233, 1, 13, 2, 97, 1, 1, '2022-12-13 04:15:08'),
(35, 231, 1, 23, 2, 91, 1, 1, '2022-12-13 04:15:08'),
(36, 239, 1, 19, 0, 91, 1, 1, '2022-12-13 04:15:08'),
(37, 241, 1, 17, 0, 98, 1, 1, '2022-12-13 04:15:08'),
(38, 240, 1, 18, 0, 92, 1, 1, '2022-12-13 04:15:08');

-- --------------------------------------------------------

--
-- Table structure for table `items`
--

CREATE TABLE `items` (
  `itemId` int(11) NOT NULL,
  `questions` varchar(45) DEFAULT NULL,
  `answerKey` varchar(45) DEFAULT NULL,
  `moduleID` int(11) NOT NULL,
  `assignmentID` int(11) NOT NULL
);

-- --------------------------------------------------------

--
-- Table structure for table `lesson`
--

CREATE TABLE `lesson` (
  `lesson_id` int(11) NOT NULL,
  `lesson_name` varchar(250) NOT NULL,
  `lesson_desc` varchar(250) NOT NULL,
  `user_id` int(11) NOT NULL,
  `isView` varchar(55) NOT NULL,
  `lesson_added` datetime NOT NULL
);

--
-- Dumping data for table `lesson`
--

INSERT INTO `lesson` (`lesson_id`, `lesson_name`, `lesson_desc`, `user_id`, `isView`, `lesson_added`) VALUES
(1, 'Lesson 1', ' Introduction of Conic Sections and the Circle', 0, '', '0000-00-00 00:00:00'),
(2, 'Lesson 2', 'The Parabola', 0, '', '2022-11-05 01:23:51'),
(3, 'Lesson 3', 'The Ellipse', 0, '', '2022-12-06 22:22:34'),
(4, 'Lesson 4', 'The Hyperbola', 0, '', '2022-12-06 22:24:31');

-- --------------------------------------------------------

--
-- Table structure for table `lessons`
--

CREATE TABLE `lessons` (
  `lessonID` int(11) NOT NULL,
  `lessonName` varchar(45) DEFAULT NULL,
  `lessonvideo` blob DEFAULT NULL,
  `status` varchar(45) DEFAULT NULL,
  `moduleID` int(11) NOT NULL
);

-- --------------------------------------------------------

--
-- Table structure for table `lesson_view`
--

CREATE TABLE `lesson_view` (
  `lesson_view_id` int(11) NOT NULL,
  `user_id` int(11) NOT NULL,
  `lesson_id` int(11) NOT NULL,
  `isView` int(255) NOT NULL,
  `log_time` timestamp NOT NULL DEFAULT current_timestamp() ON UPDATE current_timestamp()
);

-- --------------------------------------------------------

--
-- Table structure for table `logs`
--

CREATE TABLE `logs` (
  `log_id` int(11) NOT NULL,
  `user_id` int(11) NOT NULL,
  `log_name` varchar(100) NOT NULL,
  `datetime` timestamp NOT NULL DEFAULT current_timestamp()
);

--
-- Dumping data for table `logs`
--

INSERT INTO `logs` (`log_id`, `user_id`, `log_name`, `datetime`) VALUES
(98, 74, 'logout', '2022-12-14 07:08:12'),
(99, 74, 'login', '2022-12-14 07:09:53'),
(100, 74, 'logout', '2022-12-14 07:09:58'),
(101, 74, 'login', '2022-12-14 07:22:20'),
(102, 74, 'login', '2022-12-14 07:49:38'),
(103, 74, 'logout', '2022-12-14 07:54:37'),
(104, 2, 'login', '2022-12-14 07:54:54'),
(105, 2, 'logout', '2022-12-14 08:14:02'),
(106, 74, 'login', '2022-12-14 08:14:52'),
(107, 74, 'logout', '2022-12-14 08:42:54'),
(108, 74, 'login', '2022-12-14 08:43:13'),
(109, 74, 'logout', '2022-12-14 08:45:36'),
(110, 74, 'login', '2022-12-14 08:45:39'),
(111, 74, 'login', '2022-12-14 15:04:22'),
(112, 74, 'logout', '2022-12-14 15:51:53'),
(113, 74, 'login', '2022-12-14 15:51:56'),
(114, 74, 'logout', '2022-12-14 16:14:18'),
(115, 74, 'login', '2022-12-14 16:24:26'),
(116, 74, 'logout', '2022-12-14 16:25:33'),
(117, 74, 'login', '2022-12-14 16:25:36'),
(118, 74, 'logout', '2022-12-14 16:31:15'),
(119, 74, 'login', '2022-12-14 16:31:20'),
(120, 74, 'logout', '2022-12-14 16:31:45'),
(121, 74, 'login', '2022-12-14 16:31:48'),
(122, 74, 'logout', '2022-12-14 16:36:41'),
(123, 74, 'login', '2022-12-14 16:36:44'),
(124, 74, 'login', '2022-12-14 16:46:00'),
(125, 74, 'login', '2022-12-14 16:54:34'),
(126, 74, 'logout', '2022-12-14 16:58:40'),
(127, 74, 'login', '2022-12-14 16:58:42'),
(128, 74, 'logout', '2022-12-14 16:59:53'),
(129, 74, 'login', '2022-12-14 16:59:56'),
(130, 74, 'logout', '2022-12-14 17:03:26'),
(131, 74, 'login', '2022-12-14 17:03:30'),
(132, 74, 'logout', '2022-12-14 17:04:13'),
(133, 74, 'login', '2022-12-14 17:04:22'),
(134, 74, 'login', '2022-12-14 17:04:37'),
(135, 74, 'login', '2022-12-14 17:04:59'),
(136, 0, 'logout', '2022-12-14 18:33:46'),
(137, 74, 'login', '2022-12-14 18:33:49'),
(138, 74, 'logout', '2022-12-14 18:36:27'),
(139, 74, 'login', '2022-12-14 18:36:35'),
(140, 74, 'logout', '2022-12-14 18:45:52'),
(141, 74, 'login', '2022-12-14 18:45:55'),
(142, 74, 'logout', '2022-12-14 19:48:02'),
(143, 74, 'login', '2022-12-14 19:48:13'),
(144, 74, 'logout', '2022-12-14 20:30:17'),
(145, 74, 'login', '2022-12-14 20:30:49'),
(146, 74, 'logout', '2022-12-14 20:36:45');

-- --------------------------------------------------------

--
-- Table structure for table `module`
--

CREATE TABLE `module` (
  `module_id` int(11) NOT NULL,
  `module_name` varchar(250) NOT NULL,
  `module_desc` varchar(250) NOT NULL,
  `module_added` datetime NOT NULL
);

--
-- Dumping data for table `module`
--

INSERT INTO `module` (`module_id`, `module_name`, `module_desc`, `module_added`) VALUES
(5, 'MODULE 1', 'ANALYTIC GEOMETRY', '0000-00-00 00:00:00');

-- --------------------------------------------------------

--
-- Table structure for table `modules`
--

CREATE TABLE `modules` (
  `module_id` int(11) NOT NULL,
  `module_name` varchar(45) DEFAULT NULL,
  `module_added` varchar(255) DEFAULT NULL,
  `user_id` int(11) NOT NULL
);

-- --------------------------------------------------------

--
-- Table structure for table `progress`
--

CREATE TABLE `progress` (
  `progressID` int(11) NOT NULL,
  `Description` int(11) DEFAULT NULL,
  `scoreInfo` int(11) DEFAULT NULL
);

-- --------------------------------------------------------

--
-- Table structure for table `role`
--

CREATE TABLE `role` (
  `role_id` int(11) NOT NULL,
  `role_name` varchar(55) NOT NULL
);

--
-- Dumping data for table `role`
--

INSERT INTO `role` (`role_id`, `role_name`) VALUES
(1, 'superadmin'),
(2, 'admin'),
(3, 'student'),
(4, 'teacher');

-- --------------------------------------------------------

--
-- Table structure for table `student`
--

CREATE TABLE `student` (
  `studentID` int(11) NOT NULL,
  `firstname` varchar(45) DEFAULT NULL,
  `lastname` varchar(45) DEFAULT NULL,
  `middlename` varchar(45) DEFAULT NULL,
  `age` int(11) DEFAULT NULL,
  `gender` varchar(45) DEFAULT NULL,
  `birthdate` date DEFAULT NULL
);

-- --------------------------------------------------------

--
-- Table structure for table `transaction`
--

CREATE TABLE `transaction` (
  `transactionID` int(11) NOT NULL,
  `startdate` date DEFAULT NULL,
  `studentID` int(11) NOT NULL,
  `moduleID` int(11) NOT NULL
);

-- --------------------------------------------------------

--
-- Table structure for table `users`
--

CREATE TABLE `users` (
  `user_id` int(55) NOT NULL,
  `profile_pic` varchar(200) NOT NULL,
  `firstname` varchar(250) NOT NULL,
  `lastname` varchar(250) NOT NULL,
  `age` varchar(50) NOT NULL,
  `gender` varchar(50) NOT NULL,
  `address` varchar(50) NOT NULL,
  `email_add` varchar(50) NOT NULL,
  `username` varchar(250) NOT NULL,
  `password` varchar(250) NOT NULL,
  `role_id` int(55) NOT NULL,
  `added_at` datetime NOT NULL
);

--
-- Dumping data for table `users`
--

INSERT INTO `users` (`user_id`, `profile_pic`, `firstname`, `lastname`, `age`, `gender`, `address`, `email_add`, `username`, `password`, `role_id`, `added_at`) VALUES
(1, '', 'Admin', 'Admin', '25', 'Male', 'Digos City', 'admin@gmail.com', 'admin@gmail.com', '$2y$10$627KTYhahPQq9al9sbgQDuJaeRiROt.rDoWPV1nqwYjsxZNHNlr4W', 4, '2022-11-22 09:18:43'),
(2, '', 'User', 'User', '25', 'Male', 'Digos City', 'user@gmail.com', 'user@gmail.com', '$2y$10$aoF3GO5Wyf6qLSG8MhbDaO4hjb8VID9A9NEnfqr6gvxaqJHA3jrwO', 3, '2022-11-22 09:20:09'),
(3, '', 'Superadmin', 'Superadmin', '25', 'Male', 'Digos City', 'superadmin@gmail.com', 'superadmin@gmail.com', '$2y$10$9cKb.z/gAsSZwlK10oSX1OPQsNE1HtkJYouQouw0CaJ4pc6wL6WI.', 1, '2022-11-22 09:21:26'),
(74, '', 'James', 'Gwapo', '', 'male', 'Digos City, Mainland China', 'james@gmail.com', 'james@gmail.com', '$2y$10$2oE6J6xNEPmHevsieecineKNW0NAzRr/P5RWb2X6CG2Bq354BmERW', 3, '2022-12-08 22:44:07'),
(75, '', 'Geperson', 'Mamalias', '', 'male', 'Digos City', 'geperson.ph@gmail.com', 'geperson.ph@gmail.com', '$2y$10$dfYHvQ.KZbIxIWWsOki5AuuGaVgoUbFWJ985Z0kL2ZxCRxWULT4u2', 3, '2022-12-10 14:34:08'),
(228, '', 'Student1', 'Student1', '', '', '', 'student1@gmail.com', 'student1@gmail.com', '$2y$10$olgNpbBRnpCB/B8.20jfOeVmgCacA50gns5sS0aFeB7OrUSMNDSrC', 3, '0000-00-00 00:00:00'),
(229, '', 'Student2', 'Student2', '', '', '', 'student2@gmail.com', 'student2@gmail.com', '$2y$10$CNDzlgIpbHH.j2U.trUx3uFM0oyUswHwpMbAx.5bJBxSfz7weNnUe', 3, '0000-00-00 00:00:00'),
(230, '', 'Student3', 'Student3', '', '', '', 'student3@gmail.com', 'student3@gmail.com', '$2y$10$kiyhk2POoazjZGWYFDGVA.v1Rr1RAwQN1A5lGJ7cQaOZQPC80kdtS', 3, '0000-00-00 00:00:00'),
(231, '', 'Student4', 'Student4', '', '', '', 'student4@gmail.com', 'student4@gmail.com', '$2y$10$dZkth4GY2N/vZMJHplEhbuLj1xEXsOxeHb7pVOMjmf/FOyq5djcWO', 3, '0000-00-00 00:00:00'),
(232, '', 'Student5', 'Student5', '', '', '', 'student5@gmail.com', 'student5@gmail.com', '$2y$10$deo9briomDFSlT0RVcmn3.4kNGYk9unUX99mW53euQROwgR.WGLZy', 3, '0000-00-00 00:00:00'),
(233, '', 'Student6', 'Student6', '', '', '', 'student6@gmail.com', 'student6@gmail.com', '$2y$10$dS1EbKgSj5V3x8xjZs.qEO.l0LPtG.0cyLxKrTyetAFhtOFxdoCBO', 3, '0000-00-00 00:00:00'),
(234, '', 'Student7', 'Student7', '', '', '', 'student7@gmail.com', 'student7@gmail.com', '$2y$10$IyaiLlrrzhEX/sit32H3V.15sfjJATH2Nu0fwDSjCQzfZghPKnVSG', 3, '0000-00-00 00:00:00'),
(235, '', 'Student8', 'Student8', '', '', '', 'student8@gmail.com', 'student8@gmail.com', '$2y$10$GxoG1gHrVbkAep7Vg24cYeTbjh46W/z0Fj1sE4hTOcRZl3AVnsj6a', 3, '0000-00-00 00:00:00'),
(236, '', 'Student9', 'Student9', '', '', '', 'student9@gmail.com', 'student9@gmail.com', '$2y$10$eGkagDXJWHD51j1fOqD7Led1OmT8sRhmMAopgdk/FtNH1MrK/vxvq', 3, '0000-00-00 00:00:00'),
(237, '', 'Student10', 'Student10', '', '', '', 'student10@gmail.com', 'student10@gmail.com', '$2y$10$ICQCcFDCvDGhCdzHYMnT6uPbJUtm5dUNculxfESxFSvwBHFI8uLzO', 3, '0000-00-00 00:00:00'),
(238, '', 'Student11', 'Student11', '', '', '', 'student11@gmail.com', 'student11@gmail.com', '$2y$10$vpxEN7Mv941aws1Msb/GBubLnZgO60Gy/Hs9le4m2/urZ0bkaLVam', 3, '0000-00-00 00:00:00'),
(239, '', 'Student12', 'Student12', '', '', '', 'student12@gmail.com', 'student12@gmail.com', '$2y$10$DZ4hK5cYcmSchUUnJEoWX.kx56WaYUoyip/hllZoociipp79QdMKW', 3, '0000-00-00 00:00:00'),
(240, '', 'Student13', 'Student13', '', '', '', 'student13@gmail.com', 'student13@gmail.com', '$2y$10$lVxqYNrHnoUQS01COaynsOl/o9Bs8Rzr4.augrc.NLAa/xv0iizXy', 3, '0000-00-00 00:00:00'),
(241, '', 'Student14', 'Student14', '', '', '', 'student14@gmail.com', 'student14@gmail.com', '$2y$10$OUNCZewAL0QyjSOIAhKVn.701HNh7cDsH6fFbE7DZSJafns2V1oia', 3, '0000-00-00 00:00:00'),
(242, '', 'Student15', 'Student15', '', '', '', 'student15@gmail.com', 'student15@gmail.com', '$2y$10$vaseD3NKkBNVXVzp6yEhAOiXA9fAEHC.ID3M6HTIoIu32X6TTiB7e', 3, '0000-00-00 00:00:00'),
(243, '', 'Student16', 'Student16', '', '', '', 'student16@gmail.com', 'student16@gmail.com', '$2y$10$BHHt8x08jap35NNo/wYbG.5VavXBeUKp3PT3Rtb7Eta7ZJwLLoMqe', 3, '0000-00-00 00:00:00'),
(244, '', 'Student17', 'Student17', '', '', '', 'student17@gmail.com', 'student17@gmail.com', '$2y$10$hHoR9ew7AkcCrVRuswAgL.SgwxM36IASJvJlo7pK1o3mJQMEezkEW', 3, '0000-00-00 00:00:00'),
(245, '', 'Student18', 'Student18', '', '', '', 'student18@gmail.com', 'student18@gmail.com', '$2y$10$a.xzONMmUjBTP31iJGGptORunuXo6HzPV4eIxGgUHIWn3pIH8Mmxi', 3, '0000-00-00 00:00:00'),
(246, '', 'Student19', 'Student19', '', '', '', 'student19@gmail.com', 'student19@gmail.com', '$2y$10$Z6LkqFGzRtoUgj01Ho86SOLm1q5A3FTdIvs/NTnhCZMN.mNHvPGmW', 3, '0000-00-00 00:00:00'),
(247, '', 'Student20', 'Student20', '', '', '', 'student20@gmail.com', 'student20@gmail.com', '$2y$10$kKdUbyqiKHh7tkQl.n8B5.xrf4Wuw0Xr8JsiwsDlnKYYzzIk9TH8.', 3, '0000-00-00 00:00:00'),
(248, '', 'Student21', 'Student21', '', '', '', 'student21@gmail.com', 'student21@gmail.com', '$2y$10$ke1lcv1PX/cqkuKCPzrsNetzNVy1vDKysEIYu7KV5FaHFXN5vI.UG', 3, '0000-00-00 00:00:00'),
(249, '', 'Student22', 'Student22', '', '', '', 'student22@gmail.com', 'student22@gmail.com', '$2y$10$GqSPxboyhz5R3hblwPkB9OaubOVuAEy6NC5x75LxrHieSnkUDYgvS', 3, '0000-00-00 00:00:00'),
(250, '', 'Student23', 'Student23', '', '', '', 'student23@gmail.com', 'student23@gmail.com', '$2y$10$U7LAeXvE2AIrqtXyLohriu8eiGDcZ/OOhvUpM5eC2rvBNcuQSN/jG', 3, '0000-00-00 00:00:00'),
(251, '', 'Student24', 'Student24', '', '', '', 'student24@gmail.com', 'student24@gmail.com', '$2y$10$MmnSb80YQOwux2ZBbStRNOfQ3KgesFxWQsSgOTKl2uS.6P5ROrJlu', 3, '0000-00-00 00:00:00'),
(252, '', 'Student25', 'Student25', '', '', '', 'student25@gmail.com', 'student25@gmail.com', '$2y$10$R9ZhlItpz5wo7F6Q2V/gEOjCu3H8hnJOfOpKatp5TnRY/8E2YBt9C', 3, '0000-00-00 00:00:00'),
(253, '', 'Student26', 'Student26', '', '', '', 'student26@gmail.com', 'student26@gmail.com', '$2y$10$XptUzBPhMfrTc9zQA76dtul4WTui6FaedN4ahR4KNx0clUOFB1W/O', 3, '0000-00-00 00:00:00'),
(254, '', 'Student27', 'Student27', '', '', '', 'student27@gmail.com', 'student27@gmail.com', '$2y$10$l1.fGpNTjHhKuRp55Vzf.OPGRmW5jRIvhMd79upu7v4FspatQE.lu', 3, '0000-00-00 00:00:00'),
(255, '', 'Student28', 'Student28', '', '', '', 'student28@gmail.com', 'student28@gmail.com', '$2y$10$rPKy2Ukn44QQwC49THGkMerzjVqlO6/.vgHjswdEwDSh1zxQySGkS', 3, '0000-00-00 00:00:00'),
(256, '', 'Student29', 'Student29', '', '', '', 'student29@gmail.com', 'student29@gmail.com', '$2y$10$582NaS.KpQnnkniXPYW1CelIFLClc8zPTz4l20roOvHQ4fH9fs2VG', 3, '0000-00-00 00:00:00'),
(257, '', 'Student30', 'Student30', '', '', '', 'student30@gmail.com', 'student30@gmail.com', '$2y$10$nX63nLY7.//t/YRpoSyAou83q0eoqMY7/u/hf51TB1DitkF3A9Yam', 3, '0000-00-00 00:00:00'),
(258, '', 'Student31', 'Student31', '', '', '', 'student31@gmail.com', 'student31@gmail.com', '$2y$10$yJLbQc.vf.t2qACnnAp9heEZ1e9kqeh/teAyImKqKUFVm3klwP0pi', 3, '0000-00-00 00:00:00'),
(259, '', 'Student32', 'Student32', '', '', '', 'student32@gmail.com', 'student32@gmail.com', '$2y$10$B4pVAH7/M9XAQDu/0sFjBuLZI06W7cd9iT3/jsaX8.eFpyJPW7FSm', 3, '0000-00-00 00:00:00'),
(260, '', 'Student33', 'Student33', '', '', '', 'student33@gmail.com', 'student33@gmail.com', '$2y$10$3zzNbNP/r9HWCc/nOeQ45uhGPBnbyviqNJAa7q.9O1qRR3PjxQFDa', 3, '0000-00-00 00:00:00'),
(261, '', 'Student34', 'Student34', '', '', '', 'student34@gmail.com', 'student34@gmail.com', '$2y$10$53kstSyS8FJpDyvQy20JgOu3lcc9UmZqMAL6.kFKTmKj9Y9w3uAli', 3, '0000-00-00 00:00:00'),
(262, '', 'Student35', 'Student35', '', '', '', 'student35@gmail.com', 'student35@gmail.com', '$2y$10$aiBSWccIQrZ6LY16f8.jsuQKKESrvc/mn67PtNCmGYHBR.1S1Eoa6', 3, '0000-00-00 00:00:00'),
(263, '', 'Student36', 'Student36', '', '', '', 'student36@gmail.com', 'student36@gmail.com', '$2y$10$by3DUQulB/KEBELSPXvf3ugCYOyoLOnyFG3qr3T3r3AoI40oI1O0q', 3, '0000-00-00 00:00:00'),
(264, '', 'Student37', 'Student37', '', '', '', 'student37@gmail.com', 'student37@gmail.com', '$2y$10$BWmMhA9qRa5s1HtnwGV5sOHfgOFAcJEKSaaqIsjkqbFHedkRfR5ti', 3, '0000-00-00 00:00:00'),
(265, '', 'Student38', 'Student38', '', '', '', 'student38@gmail.com', 'student38@gmail.com', '$2y$10$YbCqTlu83ew4C6EjQI8bterRuRsfcoBthctEEv9XkkkZYNnTxRBpq', 3, '0000-00-00 00:00:00'),
(266, '', 'Student39', 'Student39', '', '', '', 'student39@gmail.com', 'student39@gmail.com', '$2y$10$ErPE3j/3.58OOCnHtVXrSu5vN0gTVvySi8epbx85TEv/T.us2vQLu', 3, '0000-00-00 00:00:00'),
(267, '', 'Student40', 'Student40', '', '', '', 'student40@gmail.com', 'student40@gmail.com', '$2y$10$6MOZtekpM0dVfgQeJXnHmOJ8NKnq9gVyD6jiP.MiToW5QGdqEOj26', 3, '0000-00-00 00:00:00'),
(268, '', 'Student41', 'Student41', '', '', '', 'student41@gmail.com', 'student41@gmail.com', '$2y$10$JJDlXJn8fFm6j/B4wcHdAuxAnmk.nmMSG1o421/nnF4Fzi2tAM7QW', 3, '0000-00-00 00:00:00'),
(269, '', 'Student42', 'Student42', '', '', '', 'student42@gmail.com', 'student42@gmail.com', '$2y$10$65VNUfxCvr9viuggZjNtd.MFkphzzIc.E8NM90i0kNu3j9h5rwove', 3, '0000-00-00 00:00:00'),
(270, '', 'Student43', 'Student43', '', '', '', 'student43@gmail.com', 'student43@gmail.com', '$2y$10$u1OmQSw0ceNl0tI2M05ZpOg7rRjefOacrvIw8sW9hFr1K1LzcsagG', 3, '0000-00-00 00:00:00'),
(271, '', 'Student44', 'Student44', '', '', '', 'student44@gmail.com', 'student44@gmail.com', '$2y$10$jR/uO7XVSmuTU9s1X.0gKumERP.2q8ddgMKdkqcflSh71qxjZoXJ.', 3, '0000-00-00 00:00:00'),
(272, '', 'Student45', 'Student45', '', '', '', 'student45@gmail.com', 'student45@gmail.com', '$2y$10$qdKNhaMhGH5liFFBAcnMfuTBHbkUygkco6ggtt.KxFeSV5fVOABaS', 3, '0000-00-00 00:00:00'),
(273, '', 'Student46', 'Student46', '', '', '', 'student46@gmail.com', 'student46@gmail.com', '$2y$10$cdPConK97DGP5fpPveTcBuwMPACzEzAMYAfDyXk2mdLPM/JNbFHiq', 3, '0000-00-00 00:00:00'),
(274, '', 'Student47', 'Student47', '', '', '', 'student47@gmail.com', 'student47@gmail.com', '$2y$10$JgcXStyc1HIirTVLFiYQVOp6Tn1UTszCLUu3YftURNtz0O4JgXpXi', 3, '0000-00-00 00:00:00'),
(275, '', 'Student48', 'Student48', '', '', '', 'student48@gmail.com', 'student48@gmail.com', '$2y$10$20bbLQMUX3v87rUOctOMNOHnkfA2t6109lRW7EZrYiK4ZgEYqkPIO', 3, '0000-00-00 00:00:00'),
(276, '', 'Student49', 'Student49', '', '', '', 'student49@gmail.com', 'student49@gmail.com', '$2y$10$miCes7a9waqLfG.8VHG.S.u6GfxykGxge62j4.9OyZvUVFP31mbU.', 3, '0000-00-00 00:00:00'),
(277, '', 'Student50', 'Student50', '', '', '', 'student50@gmail.com', 'student50@gmail.com', '$2y$10$4oxaxBlFXAnF8G4PF4J9LONhFC517ltE1SpYeNS7Q6vlHEUtSwiI2', 3, '0000-00-00 00:00:00');

--
-- Indexes for dumped tables
--

--
-- Indexes for table `account`
--
ALTER TABLE `account`
  ADD PRIMARY KEY (`accountID`,`studentID`),
  ADD KEY `fk_account_student1_idx` (`studentID`);

--
-- Indexes for table `admin`
--
ALTER TABLE `admin`
  ADD PRIMARY KEY (`adminId`);

--
-- Indexes for table `assignment`
--
ALTER TABLE `assignment`
  ADD PRIMARY KEY (`assignmentID`);

--
-- Indexes for table `course`
--
ALTER TABLE `course`
  ADD PRIMARY KEY (`course_id`);

--
-- Indexes for table `exam`
--
ALTER TABLE `exam`
  ADD PRIMARY KEY (`exam_id`);

--
-- Indexes for table `examquestion_attempt`
--
ALTER TABLE `examquestion_attempt`
  ADD PRIMARY KEY (`eqa_id`);

--
-- Indexes for table `exam_attempt`
--
ALTER TABLE `exam_attempt`
  ADD PRIMARY KEY (`examAttempt_id`);

--
-- Indexes for table `exam_correct`
--
ALTER TABLE `exam_correct`
  ADD PRIMARY KEY (`examcorrect_id`);

--
-- Indexes for table `exam_items`
--
ALTER TABLE `exam_items`
  ADD PRIMARY KEY (`examitem_id`);

--
-- Indexes for table `exam_mistakes`
--
ALTER TABLE `exam_mistakes`
  ADD PRIMARY KEY (`mistake_id`);

--
-- Indexes for table `exam_results`
--
ALTER TABLE `exam_results`
  ADD PRIMARY KEY (`examresult_id`);

--
-- Indexes for table `items`
--
ALTER TABLE `items`
  ADD PRIMARY KEY (`itemId`,`moduleID`,`assignmentID`),
  ADD KEY `fk_items_modules1_idx` (`moduleID`),
  ADD KEY `fk_items_assignment1_idx` (`assignmentID`);

--
-- Indexes for table `lesson`
--
ALTER TABLE `lesson`
  ADD PRIMARY KEY (`lesson_id`);

--
-- Indexes for table `lessons`
--
ALTER TABLE `lessons`
  ADD PRIMARY KEY (`lessonID`,`moduleID`),
  ADD KEY `fk_lessons_modules1_idx` (`moduleID`);

--
-- Indexes for table `lesson_view`
--
ALTER TABLE `lesson_view`
  ADD PRIMARY KEY (`lesson_view_id`);

--
-- Indexes for table `logs`
--
ALTER TABLE `logs`
  ADD PRIMARY KEY (`log_id`);

--
-- Indexes for table `module`
--
ALTER TABLE `module`
  ADD PRIMARY KEY (`module_id`);

--
-- Indexes for table `modules`
--
ALTER TABLE `modules`
  ADD PRIMARY KEY (`module_id`,`user_id`),
  ADD KEY `fk_modules_progress1_idx` (`user_id`);

--
-- Indexes for table `progress`
--
ALTER TABLE `progress`
  ADD PRIMARY KEY (`progressID`);

--
-- Indexes for table `role`
--
ALTER TABLE `role`
  ADD PRIMARY KEY (`role_id`);

--
-- Indexes for table `student`
--
ALTER TABLE `student`
  ADD PRIMARY KEY (`studentID`);

--
-- Indexes for table `transaction`
--
ALTER TABLE `transaction`
  ADD PRIMARY KEY (`transactionID`,`studentID`,`moduleID`),
  ADD KEY `fk_transaction_student_idx` (`studentID`),
  ADD KEY `fk_transaction_modules1_idx` (`moduleID`);

--
-- Indexes for table `users`
--
ALTER TABLE `users`
  ADD PRIMARY KEY (`user_id`);

--
-- AUTO_INCREMENT for dumped tables
--

--
-- AUTO_INCREMENT for table `course`
--
ALTER TABLE `course`
  MODIFY `course_id` int(11) NOT NULL AUTO_INCREMENT, AUTO_INCREMENT=6;

--
-- AUTO_INCREMENT for table `exam`
--
ALTER TABLE `exam`
  MODIFY `exam_id` int(11) NOT NULL AUTO_INCREMENT, AUTO_INCREMENT=2;

--
-- AUTO_INCREMENT for table `examquestion_attempt`
--
ALTER TABLE `examquestion_attempt`
  MODIFY `eqa_id` int(11) NOT NULL AUTO_INCREMENT;

--
-- AUTO_INCREMENT for table `exam_attempt`
--
ALTER TABLE `exam_attempt`
  MODIFY `examAttempt_id` int(11) NOT NULL AUTO_INCREMENT, AUTO_INCREMENT=78;

--
-- AUTO_INCREMENT for table `exam_correct`
--
ALTER TABLE `exam_correct`
  MODIFY `examcorrect_id` int(11) NOT NULL AUTO_INCREMENT, AUTO_INCREMENT=485;

--
-- AUTO_INCREMENT for table `exam_items`
--
ALTER TABLE `exam_items`
  MODIFY `examitem_id` int(11) NOT NULL AUTO_INCREMENT, AUTO_INCREMENT=12;

--
-- AUTO_INCREMENT for table `exam_mistakes`
--
ALTER TABLE `exam_mistakes`
  MODIFY `mistake_id` int(11) NOT NULL AUTO_INCREMENT, AUTO_INCREMENT=1113;

--
-- AUTO_INCREMENT for table `exam_results`
--
ALTER TABLE `exam_results`
  MODIFY `examresult_id` int(11) NOT NULL AUTO_INCREMENT, AUTO_INCREMENT=41;

--
-- AUTO_INCREMENT for table `lesson`
--
ALTER TABLE `lesson`
  MODIFY `lesson_id` int(11) NOT NULL AUTO_INCREMENT, AUTO_INCREMENT=5;

--
-- AUTO_INCREMENT for table `lesson_view`
--
ALTER TABLE `lesson_view`
  MODIFY `lesson_view_id` int(11) NOT NULL AUTO_INCREMENT, AUTO_INCREMENT=15;

--
-- AUTO_INCREMENT for table `logs`
--
ALTER TABLE `logs`
  MODIFY `log_id` int(11) NOT NULL AUTO_INCREMENT, AUTO_INCREMENT=147;

--
-- AUTO_INCREMENT for table `module`
--
ALTER TABLE `module`
  MODIFY `module_id` int(11) NOT NULL AUTO_INCREMENT, AUTO_INCREMENT=7;

--
-- AUTO_INCREMENT for table `role`
--
ALTER TABLE `role`
  MODIFY `role_id` int(11) NOT NULL AUTO_INCREMENT, AUTO_INCREMENT=5;

--
-- AUTO_INCREMENT for table `users`
--
ALTER TABLE `users`
  MODIFY `user_id` int(55) NOT NULL AUTO_INCREMENT, AUTO_INCREMENT=278;

--
-- Constraints for dumped tables
--

--
-- Constraints for table `account`
--
ALTER TABLE `account`
  ADD CONSTRAINT `fk_account_student1` FOREIGN KEY (`studentID`) REFERENCES `student` (`studentID`);

--
-- Constraints for table `items`
--
ALTER TABLE `items`
  ADD CONSTRAINT `fk_items_assignment1` FOREIGN KEY (`assignmentID`) REFERENCES `assignment` (`assignmentID`),
  ADD CONSTRAINT `fk_items_modules1` FOREIGN KEY (`moduleID`) REFERENCES `modules` (`module_id`);

--
-- Constraints for table `lessons`
--
ALTER TABLE `lessons`
  ADD CONSTRAINT `fk_lessons_modules1` FOREIGN KEY (`moduleID`) REFERENCES `modules` (`module_id`);

--
-- Constraints for table `modules`
--
ALTER TABLE `modules`
  ADD CONSTRAINT `fk_modules_progress1` FOREIGN KEY (`user_id`) REFERENCES `progress` (`progressID`);

--
-- Constraints for table `transaction`
--
ALTER TABLE `transaction`
  ADD CONSTRAINT `fk_transaction_modules1` FOREIGN KEY (`moduleID`) REFERENCES `modules` (`module_id`),
  ADD CONSTRAINT `fk_transaction_student` FOREIGN KEY (`studentID`) REFERENCES `student` (`studentID`);
COMMIT;

/*!40101 SET CHARACTER_SET_CLIENT=@OLD_CHARACTER_SET_CLIENT */;
/*!40101 SET CHARACTER_SET_RESULTS=@OLD_CHARACTER_SET_RESULTS */;
/*!40101 SET COLLATION_CONNECTION=@OLD_COLLATION_CONNECTION */;
