-- phpMyAdmin SQL Dump
-- version 5.2.0
-- https://www.phpmyadmin.net/
--
-- Host: 127.0.0.1
-- Generation Time: Jan 07, 2023 at 07:34 AM
-- Server version: 10.4.24-MariaDB
-- PHP Version: 8.1.6

SET SQL_MODE = "NO_AUTO_VALUE_ON_ZERO";
START TRANSACTION;
SET time_zone = "+00:00";


/*!40101 SET @OLD_CHARACTER_SET_CLIENT=@@CHARACTER_SET_CLIENT */;
/*!40101 SET @OLD_CHARACTER_SET_RESULTS=@@CHARACTER_SET_RESULTS */;
/*!40101 SET @OLD_COLLATION_CONNECTION=@@COLLATION_CONNECTION */;
/*!40101 SET NAMES utf8mb4 */;

--
-- Database: `geometry`
--

-- --------------------------------------------------------

--
-- Table structure for table `account`
--

CREATE TABLE `account` (
  `accountID` int(11) NOT NULL,
  `username` varchar(45) DEFAULT NULL,
  `password` varchar(45) DEFAULT NULL,
  `date-registered` date DEFAULT NULL,
  `studentID` int(11) NOT NULL
) ENGINE=InnoDB DEFAULT CHARSET=utf8;

-- --------------------------------------------------------

--
-- Table structure for table `admin`
--

CREATE TABLE `admin` (
  `adminId` int(11) NOT NULL,
  `firstname` varchar(45) DEFAULT NULL,
  `lastname` varchar(45) DEFAULT NULL
) ENGINE=InnoDB DEFAULT CHARSET=utf8;

-- --------------------------------------------------------

--
-- Table structure for table `assignment`
--

CREATE TABLE `assignment` (
  `assignmentID` int(11) NOT NULL,
  `name` varchar(45) DEFAULT NULL,
  `totalQuestion` int(11) DEFAULT NULL,
  `status` varchar(45) DEFAULT NULL
) ENGINE=InnoDB DEFAULT CHARSET=utf8;

-- --------------------------------------------------------

--
-- Table structure for table `course`
--

CREATE TABLE `course` (
  `course_id` int(11) NOT NULL,
  `course_name` varchar(250) NOT NULL,
  `course_created` timestamp NOT NULL DEFAULT current_timestamp()
) ENGINE=InnoDB DEFAULT CHARSET=utf8mb4;

--
-- Dumping data for table `course`
--

INSERT INTO `course` (`course_id`, `course_name`, `course_created`) VALUES
(3, 'GEOMETRY', '0000-00-00 00:00:00');

-- --------------------------------------------------------

--
-- Table structure for table `exam`
--

CREATE TABLE `exam` (
  `exam_id` int(11) NOT NULL,
  `exam_title` varchar(255) NOT NULL,
  `exam_desc` varchar(500) NOT NULL,
  `totalPoints` int(100) NOT NULL,
  `passing_score` int(255) NOT NULL,
  `totalQuestion` int(100) NOT NULL,
  `course_id` int(11) NOT NULL
) ENGINE=InnoDB DEFAULT CHARSET=utf8mb4;

--
-- Dumping data for table `exam`
--

INSERT INTO `exam` (`exam_id`, `exam_title`, `exam_desc`, `totalPoints`, `passing_score`, `totalQuestion`, `course_id`) VALUES
(1, 'Lesson 1 - Circle Quiz', 'Evaluate the student learning in circles', 110, 80, 11, 3);

-- --------------------------------------------------------

--
-- Table structure for table `examquestion_attempt`
--

CREATE TABLE `examquestion_attempt` (
  `eqa_id` int(11) NOT NULL,
  `studen_id` int(11) NOT NULL,
  `exam_id` int(11) NOT NULL,
  `examitem_id` int(11) NOT NULL,
  `status` int(255) NOT NULL,
  `eqa_date` timestamp NOT NULL DEFAULT current_timestamp() ON UPDATE current_timestamp()
) ENGINE=InnoDB DEFAULT CHARSET=utf8mb4;

-- --------------------------------------------------------

--
-- Table structure for table `exam_attempt`
--

CREATE TABLE `exam_attempt` (
  `examAttempt_id` int(11) NOT NULL,
  `student_id` int(11) NOT NULL,
  `exam_id` int(11) NOT NULL,
  `status` int(255) NOT NULL,
  `exattempt_date` timestamp NOT NULL DEFAULT current_timestamp() ON UPDATE current_timestamp()
) ENGINE=InnoDB DEFAULT CHARSET=utf8mb4;

--
-- Dumping data for table `exam_attempt`
--

INSERT INTO `exam_attempt` (`examAttempt_id`, `student_id`, `exam_id`, `status`, `exattempt_date`) VALUES
(54, 232, 1, 1, '2022-12-13 20:02:02'),
(55, 236, 1, 1, '2022-12-13 20:03:21'),
(56, 237, 1, 1, '2022-12-13 20:03:55'),
(57, 240, 1, 1, '2022-12-13 20:04:17'),
(58, 238, 1, 1, '2022-12-13 20:04:18'),
(59, 230, 1, 1, '2022-12-13 20:04:24'),
(60, 229, 1, 1, '2022-12-13 20:04:37'),
(62, 234, 1, 1, '2022-12-13 20:05:19'),
(63, 231, 1, 1, '2022-12-13 20:06:02'),
(64, 233, 1, 1, '2022-12-13 20:08:32'),
(65, 239, 1, 1, '2022-12-13 20:14:05'),
(68, 235, 1, 1, '2022-12-13 20:17:17'),
(72, 241, 1, 1, '2022-12-13 20:22:59'),
(78, 242, 1, 1, '2022-12-15 06:26:27'),
(79, 243, 1, 1, '2022-12-15 06:29:16'),
(80, 228, 1, 1, '2022-12-15 07:11:54'),
(81, 244, 1, 1, '2022-12-15 07:57:16'),
(82, 246, 1, 1, '2022-12-15 08:43:55'),
(83, 247, 1, 1, '2022-12-15 08:43:56'),
(84, 245, 1, 1, '2022-12-15 08:47:15'),
(85, 245, 1, 1, '2022-12-15 08:48:57'),
(86, 245, 1, 1, '2022-12-15 08:52:13'),
(87, 245, 1, 1, '2022-12-15 08:52:27'),
(88, 245, 1, 1, '2022-12-15 08:52:36'),
(94, 74, 1, 1, '2022-12-16 06:00:36'),
(95, 2, 1, 1, '2023-01-05 15:26:28'),
(96, 2, 1, 2, '2023-01-06 02:40:55'),
(97, 278, 1, 1, '2023-01-06 02:42:15'),
(98, 249, 1, 1, '2023-01-06 04:18:27'),
(99, 248, 1, 1, '2023-01-06 04:18:31'),
(100, 252, 1, 1, '2023-01-06 05:36:27'),
(101, 250, 1, 1, '2023-01-06 05:39:50'),
(102, 259, 1, 1, '2023-01-06 05:39:53'),
(103, 259, 1, 1, '2023-01-06 05:40:29'),
(104, 259, 1, 1, '2023-01-06 05:40:50'),
(105, 258, 1, 1, '2023-01-06 05:40:50'),
(106, 272, 1, 1, '2023-01-06 05:42:22'),
(107, 254, 1, 1, '2023-01-06 05:43:11'),
(108, 256, 1, 1, '2023-01-06 05:43:21'),
(109, 259, 1, 2, '2023-01-06 05:43:59'),
(110, 279, 1, 1, '2023-01-06 05:44:22'),
(111, 255, 1, 1, '2023-01-06 05:45:43'),
(112, 272, 1, 1, '2023-01-06 05:47:13'),
(113, 267, 1, 1, '2023-01-06 05:53:26'),
(114, 271, 1, 1, '2023-01-06 05:55:55'),
(115, 269, 1, 1, '2023-01-06 05:57:06'),
(116, 265, 1, 1, '2023-01-06 05:57:25'),
(117, 270, 1, 1, '2023-01-06 05:57:43'),
(118, 263, 1, 1, '2023-01-06 05:58:33'),
(119, 266, 1, 1, '2023-01-06 05:58:38'),
(120, 263, 1, 2, '2023-01-06 06:02:06'),
(121, 264, 1, 1, '2023-01-06 06:04:12'),
(122, 261, 1, 1, '2023-01-06 06:07:20');

-- --------------------------------------------------------

--
-- Table structure for table `exam_correct`
--

CREATE TABLE `exam_correct` (
  `examcorrect_id` int(11) NOT NULL,
  `student_id` int(11) NOT NULL,
  `exam_id` int(11) NOT NULL,
  `examitem_id` int(11) NOT NULL,
  `points` int(255) NOT NULL,
  `hint_attempt` int(100) NOT NULL,
  `exam_attempt` int(255) NOT NULL,
  `excorrect_date` timestamp NOT NULL DEFAULT current_timestamp() ON UPDATE current_timestamp()
) ENGINE=InnoDB DEFAULT CHARSET=utf8mb4;

--
-- Dumping data for table `exam_correct`
--

INSERT INTO `exam_correct` (`examcorrect_id`, `student_id`, `exam_id`, `examitem_id`, `points`, `hint_attempt`, `exam_attempt`, `excorrect_date`) VALUES
(273, 232, 1, 1, 10, 0, 1, '2022-12-14 17:36:58'),
(274, 232, 1, 2, 10, 0, 1, '2022-12-14 17:36:58'),
(275, 232, 1, 3, 10, 0, 1, '2022-12-14 17:36:58'),
(276, 232, 1, 4, 5, 1, 1, '2022-12-14 17:36:58'),
(277, 232, 1, 5, 9, 0, 1, '2022-12-14 17:36:58'),
(278, 236, 1, 1, 5, 1, 1, '2022-12-14 17:36:58'),
(279, 237, 1, 1, 10, 0, 1, '2022-12-14 17:36:58'),
(280, 232, 1, 6, 6, 0, 1, '2022-12-14 17:36:58'),
(281, 232, 1, 7, 8, 0, 1, '2022-12-14 17:36:58'),
(283, 236, 1, 2, 5, 0, 1, '2022-12-14 17:36:58'),
(284, 230, 1, 1, 6, 1, 1, '2022-12-14 17:36:58'),
(285, 235, 1, 1, 10, 0, 1, '2022-12-14 17:36:58'),
(286, 230, 1, 2, 10, 0, 1, '2022-12-14 17:36:58'),
(287, 230, 1, 3, 10, 0, 1, '2022-12-14 17:36:58'),
(288, 232, 1, 8, 5, 1, 1, '2022-12-14 17:36:58'),
(289, 236, 1, 3, 5, 0, 1, '2022-12-14 17:36:58'),
(291, 236, 1, 4, 5, 0, 1, '2022-12-14 17:36:58'),
(292, 230, 1, 4, 7, 0, 1, '2022-12-14 17:36:58'),
(293, 232, 1, 9, 7, 1, 1, '2022-12-14 17:36:58'),
(294, 234, 1, 1, 10, 0, 1, '2022-12-14 17:36:58'),
(295, 230, 1, 5, 8, 0, 1, '2022-12-14 17:36:58'),
(297, 238, 1, 1, 9, 0, 1, '2022-12-14 17:36:58'),
(299, 236, 1, 5, 8, 0, 1, '2022-12-14 17:36:58'),
(300, 232, 1, 10, 8, 0, 1, '2022-12-14 17:36:58'),
(302, 234, 1, 2, 9, 0, 1, '2022-12-14 17:36:58'),
(304, 229, 1, 1, 10, 1, 1, '2022-12-14 17:36:58'),
(306, 236, 1, 6, 6, 0, 1, '2022-12-14 17:36:58'),
(307, 238, 1, 2, 5, 0, 1, '2022-12-14 17:36:58'),
(308, 234, 1, 3, 10, 0, 1, '2022-12-14 17:36:58'),
(309, 229, 1, 2, 5, 0, 1, '2022-12-14 17:36:58'),
(310, 230, 1, 6, 5, 1, 1, '2022-12-14 17:36:58'),
(311, 231, 1, 1, 10, 0, 1, '2022-12-14 17:36:58'),
(312, 229, 1, 3, 10, 0, 1, '2022-12-14 17:36:58'),
(314, 236, 1, 7, 5, 0, 1, '2022-12-14 17:36:58'),
(315, 237, 1, 5, 5, 1, 1, '2022-12-14 17:36:58'),
(318, 234, 1, 4, 10, 0, 1, '2022-12-14 17:36:58'),
(319, 238, 1, 3, 5, 0, 1, '2022-12-14 17:36:58'),
(321, 229, 1, 4, 10, 0, 1, '2022-12-14 17:36:58'),
(323, 231, 1, 2, 10, 0, 1, '2022-12-14 17:36:58'),
(324, 230, 1, 7, 9, 0, 1, '2022-12-14 17:36:58'),
(325, 238, 1, 4, 8, 0, 1, '2022-12-14 17:36:58'),
(326, 232, 1, 11, 5, 1, 1, '2022-12-14 17:36:58'),
(327, 230, 1, 8, 9, 0, 1, '2022-12-14 17:36:58'),
(328, 236, 1, 8, 5, 0, 1, '2022-12-14 17:36:58'),
(329, 229, 1, 5, 5, 0, 1, '2022-12-14 17:36:58'),
(331, 234, 1, 5, 9, 0, 1, '2022-12-14 17:36:58'),
(332, 230, 1, 9, 10, 0, 1, '2022-12-14 17:36:58'),
(333, 238, 1, 5, 7, 0, 1, '2022-12-14 17:36:58'),
(334, 236, 1, 9, 9, 0, 1, '2022-12-14 17:36:58'),
(336, 230, 1, 10, 10, 0, 1, '2022-12-14 17:36:58'),
(337, 234, 1, 6, 10, 0, 1, '2022-12-14 17:36:58'),
(338, 230, 1, 11, 10, 0, 1, '2022-12-14 17:36:58'),
(340, 238, 1, 6, 5, 0, 1, '2022-12-14 17:36:58'),
(341, 234, 1, 7, 8, 0, 1, '2022-12-14 17:36:58'),
(342, 238, 1, 7, 9, 0, 1, '2022-12-14 17:36:58'),
(343, 236, 1, 10, 5, 0, 1, '2022-12-14 17:36:58'),
(344, 229, 1, 6, 5, 1, 1, '2022-12-14 17:36:58'),
(345, 234, 1, 8, 9, 0, 1, '2022-12-14 17:36:58'),
(346, 238, 1, 8, 5, 0, 1, '2022-12-14 17:36:58'),
(347, 236, 1, 11, 5, 0, 1, '2022-12-14 17:36:58'),
(350, 229, 1, 7, 10, 0, 1, '2022-12-14 17:36:58'),
(352, 234, 1, 9, 9, 0, 1, '2022-12-14 17:36:58'),
(353, 237, 1, 8, 5, 0, 1, '2022-12-14 17:36:58'),
(354, 238, 1, 9, 6, 0, 1, '2022-12-14 17:36:58'),
(358, 229, 1, 8, 10, 0, 1, '2022-12-14 17:36:58'),
(359, 238, 1, 10, 8, 0, 1, '2022-12-14 17:36:58'),
(360, 238, 1, 11, 10, 0, 1, '2022-12-14 17:36:58'),
(361, 234, 1, 10, 7, 0, 1, '2022-12-14 17:36:58'),
(363, 229, 1, 9, 5, 0, 1, '2022-12-14 17:36:58'),
(365, 235, 1, 8, 6, 0, 1, '2022-12-14 17:36:58'),
(366, 229, 1, 10, 9, 0, 1, '2022-12-14 17:36:58'),
(368, 235, 1, 9, 9, 0, 1, '2022-12-14 17:36:58'),
(369, 229, 1, 11, 5, 0, 1, '2022-12-14 17:36:58'),
(370, 235, 1, 10, 6, 0, 1, '2022-12-14 17:36:58'),
(371, 234, 1, 11, 5, 0, 1, '2022-12-14 17:36:58'),
(372, 231, 1, 3, 5, 1, 1, '2022-12-14 17:36:58'),
(373, 233, 1, 1, 6, 1, 1, '2022-12-14 17:36:58'),
(374, 233, 1, 2, 10, 0, 1, '2022-12-14 17:36:58'),
(375, 235, 1, 11, 5, 0, 1, '2022-12-14 17:36:58'),
(376, 233, 1, 3, 10, 0, 1, '2022-12-14 17:36:58'),
(377, 231, 1, 4, 5, 1, 1, '2022-12-14 17:36:58'),
(378, 233, 1, 4, 6, 1, 1, '2022-12-14 17:36:58'),
(379, 233, 1, 5, 8, 0, 1, '2022-12-14 17:36:58'),
(380, 231, 1, 5, 10, 0, 1, '2022-12-14 17:36:58'),
(381, 233, 1, 6, 10, 0, 1, '2022-12-14 17:36:58'),
(382, 231, 1, 6, 9, 0, 1, '2022-12-14 17:36:58'),
(383, 233, 1, 7, 9, 0, 1, '2022-12-14 17:36:58'),
(384, 233, 1, 8, 10, 0, 1, '2022-12-14 17:36:58'),
(385, 231, 1, 7, 9, 0, 1, '2022-12-14 17:36:58'),
(386, 233, 1, 9, 8, 0, 1, '2022-12-14 17:36:58'),
(387, 231, 1, 8, 6, 0, 1, '2022-12-14 17:36:58'),
(389, 231, 1, 9, 9, 0, 1, '2022-12-14 17:36:58'),
(390, 233, 1, 10, 10, 0, 1, '2022-12-14 17:36:58'),
(392, 233, 1, 11, 10, 0, 1, '2022-12-14 17:36:58'),
(393, 231, 1, 10, 8, 0, 1, '2022-12-14 17:36:58'),
(394, 231, 1, 11, 10, 0, 1, '2022-12-14 17:36:58'),
(395, 239, 1, 1, 10, 0, 1, '2022-12-14 17:36:58'),
(396, 239, 1, 2, 8, 0, 1, '2022-12-14 17:36:58'),
(397, 240, 1, 1, 9, 0, 1, '2022-12-14 17:36:58'),
(398, 239, 1, 3, 6, 0, 1, '2022-12-14 17:36:58'),
(399, 240, 1, 2, 10, 0, 1, '2022-12-14 17:36:58'),
(400, 240, 1, 3, 5, 0, 1, '2022-12-14 17:36:58'),
(401, 239, 1, 4, 9, 0, 1, '2022-12-14 17:36:58'),
(402, 240, 1, 4, 10, 0, 1, '2022-12-14 17:36:58'),
(404, 235, 1, 2, 10, 0, 1, '2022-12-14 17:36:58'),
(405, 239, 1, 5, 10, 0, 1, '2022-12-14 17:36:58'),
(406, 235, 1, 3, 10, 0, 1, '2022-12-14 17:36:58'),
(407, 239, 1, 6, 10, 0, 1, '2022-12-14 17:36:58'),
(409, 235, 1, 4, 9, 0, 1, '2022-12-14 17:36:58'),
(411, 235, 1, 5, 10, 0, 1, '2022-12-14 17:36:58'),
(412, 240, 1, 5, 8, 0, 1, '2022-12-14 17:36:58'),
(413, 235, 1, 6, 10, 0, 1, '2022-12-14 17:36:58'),
(414, 235, 1, 7, 10, 0, 1, '2022-12-14 17:36:58'),
(415, 239, 1, 7, 7, 0, 1, '2022-12-14 17:36:58'),
(418, 237, 1, 4, 10, 0, 1, '2022-12-14 17:36:58'),
(422, 239, 1, 8, 7, 0, 1, '2022-12-14 17:36:58'),
(423, 237, 1, 7, 10, 0, 1, '2022-12-14 17:36:58'),
(426, 239, 1, 9, 8, 0, 1, '2022-12-14 17:36:58'),
(428, 237, 1, 10, 10, 0, 1, '2022-12-14 17:36:58'),
(430, 240, 1, 6, 8, 0, 1, '2022-12-14 17:36:58'),
(431, 237, 1, 11, 5, 0, 1, '2022-12-14 17:36:58'),
(432, 239, 1, 10, 6, 0, 1, '2022-12-14 17:36:58'),
(433, 239, 1, 11, 10, 0, 1, '2022-12-14 17:36:58'),
(435, 240, 1, 7, 8, 0, 1, '2022-12-14 17:36:58'),
(436, 237, 1, 2, 5, 0, 1, '2022-12-14 17:36:58'),
(437, 237, 1, 3, 10, 0, 1, '2022-12-14 17:36:58'),
(438, 240, 1, 8, 10, 0, 1, '2022-12-14 17:36:58'),
(440, 240, 1, 9, 8, 0, 1, '2022-12-14 17:36:58'),
(442, 237, 1, 6, 8, 0, 1, '2022-12-14 17:36:58'),
(443, 240, 1, 10, 8, 0, 1, '2022-12-14 17:36:58'),
(445, 240, 1, 11, 8, 0, 1, '2022-12-14 17:36:58'),
(447, 237, 1, 9, 10, 0, 1, '2022-12-14 17:36:58'),
(452, 241, 1, 1, 9, 0, 1, '2022-12-14 17:36:58'),
(453, 241, 1, 2, 5, 0, 1, '2022-12-14 17:36:58'),
(454, 241, 1, 3, 10, 0, 1, '2022-12-14 17:36:58'),
(455, 241, 1, 4, 10, 0, 1, '2022-12-14 17:36:58'),
(456, 241, 1, 5, 9, 0, 1, '2022-12-14 17:36:58'),
(457, 241, 1, 6, 10, 0, 1, '2022-12-14 17:36:58'),
(458, 241, 1, 7, 5, 0, 1, '2022-12-14 17:36:58'),
(459, 241, 1, 8, 10, 0, 1, '2022-12-14 17:36:58'),
(460, 241, 1, 9, 10, 0, 1, '2022-12-14 17:36:58'),
(461, 241, 1, 10, 10, 0, 1, '2022-12-14 17:36:58'),
(462, 241, 1, 11, 10, 0, 1, '2022-12-14 17:36:58'),
(485, 242, 1, 1, 7, 0, 1, '2022-12-15 06:27:46'),
(486, 242, 1, 2, 5, 1, 1, '2022-12-15 06:29:56'),
(487, 242, 1, 3, 10, 0, 1, '2022-12-15 06:30:09'),
(488, 243, 1, 1, 10, 0, 1, '2022-12-15 06:30:10'),
(489, 242, 1, 4, 10, 0, 1, '2022-12-15 06:30:26'),
(490, 242, 1, 5, 10, 0, 1, '2022-12-15 06:30:39'),
(491, 243, 1, 2, 10, 0, 1, '2022-12-15 06:30:43'),
(492, 242, 1, 6, 10, 0, 1, '2022-12-15 06:30:53'),
(493, 242, 1, 7, 10, 0, 1, '2022-12-15 06:31:07'),
(494, 243, 1, 3, 8, 0, 1, '2022-12-15 06:31:38'),
(495, 242, 1, 8, 5, 0, 1, '2022-12-15 06:32:00'),
(496, 243, 1, 4, 8, 0, 1, '2022-12-15 06:32:32'),
(497, 242, 1, 9, 7, 0, 1, '2022-12-15 06:32:40'),
(498, 243, 1, 5, 10, 0, 1, '2022-12-15 06:32:57'),
(499, 243, 1, 6, 8, 0, 1, '2022-12-15 06:33:29'),
(500, 242, 1, 10, 5, 0, 1, '2022-12-15 06:33:51'),
(501, 242, 1, 10, 10, 0, 1, '2022-12-15 06:33:55'),
(502, 242, 1, 11, 10, 0, 1, '2022-12-15 06:34:08'),
(503, 242, 1, 11, 10, 0, 1, '2022-12-15 06:34:10'),
(504, 243, 1, 7, 9, 0, 1, '2022-12-15 06:34:14'),
(505, 243, 1, 8, 9, 0, 1, '2022-12-15 06:34:41'),
(506, 243, 1, 9, 9, 0, 1, '2022-12-15 06:35:12'),
(507, 243, 1, 10, 9, 0, 1, '2022-12-15 06:35:43'),
(508, 243, 1, 11, 8, 0, 1, '2022-12-15 06:36:33'),
(509, 228, 1, 1, 9, 0, 1, '2022-12-15 07:12:23'),
(510, 228, 1, 1, 9, 0, 1, '2022-12-15 07:12:25'),
(511, 228, 1, 2, 10, 0, 1, '2022-12-15 07:12:35'),
(512, 228, 1, 2, 10, 0, 1, '2022-12-15 07:12:37'),
(513, 228, 1, 3, 8, 0, 1, '2022-12-15 07:12:59'),
(514, 228, 1, 3, 8, 0, 1, '2022-12-15 07:13:01'),
(515, 228, 1, 3, 8, 0, 1, '2022-12-15 07:13:03'),
(516, 228, 1, 4, 5, 0, 1, '2022-12-15 07:14:23'),
(517, 228, 1, 4, 5, 0, 1, '2022-12-15 07:14:25'),
(518, 228, 1, 5, 10, 0, 1, '2022-12-15 07:14:34'),
(519, 228, 1, 5, 10, 0, 1, '2022-12-15 07:14:37'),
(520, 228, 1, 6, 5, 0, 1, '2022-12-15 07:15:30'),
(521, 228, 1, 7, 5, 0, 1, '2022-12-15 07:16:17'),
(522, 228, 1, 8, 5, 0, 1, '2022-12-15 07:17:17'),
(523, 228, 1, 9, 9, 0, 1, '2022-12-15 07:17:37'),
(524, 228, 1, 10, 9, 0, 1, '2022-12-15 07:17:55'),
(525, 228, 1, 11, 7, 0, 1, '2022-12-15 07:18:40'),
(526, 244, 1, 1, 10, 0, 1, '2022-12-15 07:57:40'),
(527, 244, 1, 2, 9, 0, 1, '2022-12-15 07:58:32'),
(528, 244, 1, 3, 9, 0, 1, '2022-12-15 07:58:57'),
(529, 244, 1, 4, 8, 0, 1, '2022-12-15 07:59:27'),
(530, 244, 1, 5, 9, 0, 1, '2022-12-15 07:59:52'),
(531, 244, 1, 6, 9, 0, 1, '2022-12-15 08:00:07'),
(532, 244, 1, 7, 9, 0, 1, '2022-12-15 08:00:20'),
(533, 244, 1, 8, 9, 0, 1, '2022-12-15 08:00:36'),
(534, 244, 1, 9, 9, 0, 1, '2022-12-15 08:00:55'),
(535, 244, 1, 10, 6, 1, 1, '2022-12-15 08:01:56'),
(536, 244, 1, 11, 6, 0, 1, '2022-12-15 08:02:27'),
(537, 246, 1, 1, 10, 0, 1, '2022-12-15 08:44:56'),
(538, 247, 1, 1, 8, 0, 1, '2022-12-15 08:46:06'),
(539, 247, 1, 2, 5, 0, 1, '2022-12-15 08:46:37'),
(540, 247, 1, 3, 8, 0, 1, '2022-12-15 08:47:02'),
(541, 246, 1, 2, 5, 1, 1, '2022-12-15 08:47:11'),
(542, 246, 1, 3, 10, 0, 1, '2022-12-15 08:47:25'),
(543, 247, 1, 3, 5, 0, 1, '2022-12-15 08:47:34'),
(544, 246, 1, 4, 8, 0, 1, '2022-12-15 08:48:04'),
(545, 246, 1, 5, 10, 0, 1, '2022-12-15 08:48:17'),
(546, 247, 1, 4, 6, 0, 1, '2022-12-15 08:48:17'),
(547, 246, 1, 6, 10, 0, 1, '2022-12-15 08:48:26'),
(548, 247, 1, 5, 9, 0, 1, '2022-12-15 08:48:37'),
(549, 246, 1, 7, 8, 0, 1, '2022-12-15 08:48:59'),
(550, 247, 1, 6, 9, 0, 1, '2022-12-15 08:48:59'),
(551, 246, 1, 8, 10, 0, 1, '2022-12-15 08:49:19'),
(552, 247, 1, 7, 8, 0, 1, '2022-12-15 08:49:33'),
(553, 246, 1, 9, 8, 0, 1, '2022-12-15 08:49:39'),
(554, 247, 1, 8, 9, 0, 1, '2022-12-15 08:49:53'),
(555, 246, 1, 10, 8, 0, 1, '2022-12-15 08:49:56'),
(556, 247, 1, 9, 9, 0, 1, '2022-12-15 08:50:16'),
(557, 246, 1, 11, 7, 0, 1, '2022-12-15 08:50:22'),
(558, 247, 1, 10, 10, 0, 1, '2022-12-15 08:50:26'),
(559, 247, 1, 11, 7, 0, 1, '2022-12-15 08:50:51'),
(573, 2, 1, 1, 10, 0, 1, '2023-01-05 15:26:31'),
(574, 2, 1, 2, 8, 0, 1, '2023-01-05 15:26:42'),
(575, 2, 1, 3, 10, 0, 1, '2023-01-05 15:26:44'),
(576, 2, 1, 4, 10, 0, 1, '2023-01-05 15:26:46'),
(577, 2, 1, 5, 6, 1, 1, '2023-01-05 15:27:02'),
(578, 2, 1, 6, 10, 0, 1, '2023-01-05 15:27:04'),
(579, 2, 1, 6, 10, 0, 1, '2023-01-05 15:27:04'),
(580, 2, 1, 7, 8, 0, 1, '2023-01-05 15:27:11'),
(581, 2, 1, 8, 5, 0, 1, '2023-01-05 15:27:40'),
(582, 2, 1, 9, 9, 0, 1, '2023-01-05 15:27:45'),
(583, 2, 1, 10, 6, 0, 1, '2023-01-05 15:28:02'),
(584, 2, 1, 11, 9, 0, 1, '2023-01-05 15:28:07'),
(585, 2, 1, 1, 9, 0, 2, '2023-01-06 02:41:41'),
(586, 2, 1, 2, 7, 1, 2, '2023-01-06 02:41:56'),
(587, 2, 1, 3, 5, 1, 2, '2023-01-06 02:42:45'),
(588, 2, 1, 4, 10, 0, 2, '2023-01-06 02:42:47'),
(589, 2, 1, 5, 5, 0, 2, '2023-01-06 02:43:03'),
(590, 2, 1, 6, 9, 0, 2, '2023-01-06 02:43:10'),
(591, 278, 1, 1, 6, 1, 1, '2023-01-06 02:43:22'),
(592, 278, 1, 2, 6, 0, 1, '2023-01-06 02:43:59'),
(593, 278, 1, 3, 5, 0, 1, '2023-01-06 02:44:24'),
(594, 278, 1, 4, 7, 0, 1, '2023-01-06 02:44:40'),
(595, 278, 1, 5, 8, 0, 1, '2023-01-06 02:45:02'),
(596, 278, 1, 6, 5, 0, 1, '2023-01-06 02:45:25'),
(597, 278, 1, 7, 5, 0, 1, '2023-01-06 02:45:50'),
(598, 278, 1, 8, 10, 0, 1, '2023-01-06 02:45:54'),
(599, 278, 1, 9, 9, 0, 1, '2023-01-06 02:46:01'),
(600, 278, 1, 10, 10, 0, 1, '2023-01-06 02:46:05'),
(601, 278, 1, 11, 7, 0, 1, '2023-01-06 02:46:21'),
(602, 248, 1, 1, 8, 0, 1, '2023-01-06 04:19:49'),
(603, 248, 1, 2, 9, 0, 1, '2023-01-06 04:20:20'),
(604, 249, 1, 1, 6, 1, 1, '2023-01-06 04:20:20'),
(605, 248, 1, 3, 10, 0, 1, '2023-01-06 04:20:28'),
(606, 248, 1, 4, 9, 0, 1, '2023-01-06 04:20:46'),
(607, 249, 1, 2, 9, 0, 1, '2023-01-06 04:20:51'),
(608, 248, 1, 5, 10, 0, 1, '2023-01-06 04:20:54'),
(609, 248, 1, 6, 10, 0, 1, '2023-01-06 04:20:58'),
(610, 248, 1, 7, 10, 0, 1, '2023-01-06 04:21:07'),
(611, 249, 1, 3, 9, 0, 1, '2023-01-06 04:21:11'),
(612, 249, 1, 4, 7, 0, 1, '2023-01-06 04:21:46'),
(613, 248, 1, 8, 5, 1, 1, '2023-01-06 04:22:06'),
(614, 249, 1, 5, 8, 0, 1, '2023-01-06 04:22:12'),
(615, 248, 1, 9, 10, 0, 1, '2023-01-06 04:22:16'),
(616, 248, 1, 10, 9, 0, 1, '2023-01-06 04:22:30'),
(617, 249, 1, 6, 8, 0, 1, '2023-01-06 04:22:33'),
(618, 249, 1, 7, 8, 0, 1, '2023-01-06 04:22:57'),
(619, 249, 1, 8, 10, 0, 1, '2023-01-06 04:23:02'),
(620, 248, 1, 11, 7, 1, 1, '2023-01-06 04:23:03'),
(621, 249, 1, 9, 10, 0, 1, '2023-01-06 04:23:15'),
(622, 249, 1, 10, 9, 0, 1, '2023-01-06 04:23:27'),
(623, 249, 1, 11, 5, 1, 1, '2023-01-06 04:24:26'),
(624, 252, 1, 1, 10, 0, 1, '2023-01-06 05:36:42'),
(625, 252, 1, 2, 7, 0, 1, '2023-01-06 05:37:56'),
(626, 252, 1, 3, 8, 0, 1, '2023-01-06 05:38:43'),
(627, 252, 1, 4, 8, 0, 1, '2023-01-06 05:39:25'),
(628, 252, 1, 5, 9, 0, 1, '2023-01-06 05:39:37'),
(629, 252, 1, 6, 7, 0, 1, '2023-01-06 05:40:01'),
(630, 250, 1, 1, 9, 0, 1, '2023-01-06 05:40:28'),
(631, 259, 1, 1, 10, 0, 1, '2023-01-06 05:40:32'),
(632, 252, 1, 7, 9, 0, 1, '2023-01-06 05:40:34'),
(633, 250, 1, 2, 10, 0, 1, '2023-01-06 05:40:41'),
(634, 252, 1, 8, 10, 0, 1, '2023-01-06 05:40:45'),
(635, 252, 1, 9, 10, 0, 1, '2023-01-06 05:40:59'),
(636, 250, 1, 3, 9, 0, 1, '2023-01-06 05:41:04'),
(637, 252, 1, 10, 10, 0, 1, '2023-01-06 05:41:05'),
(638, 250, 1, 4, 10, 0, 1, '2023-01-06 05:41:16'),
(639, 250, 1, 5, 10, 0, 1, '2023-01-06 05:41:22'),
(640, 252, 1, 11, 7, 0, 1, '2023-01-06 05:41:25'),
(641, 250, 1, 6, 9, 0, 1, '2023-01-06 05:41:38'),
(642, 250, 1, 7, 9, 0, 1, '2023-01-06 05:41:58'),
(643, 250, 1, 8, 10, 0, 1, '2023-01-06 05:42:05'),
(644, 258, 1, 1, 7, 0, 1, '2023-01-06 05:42:13'),
(645, 250, 1, 9, 10, 0, 1, '2023-01-06 05:42:15'),
(646, 250, 1, 10, 10, 0, 1, '2023-01-06 05:42:25'),
(647, 250, 1, 11, 7, 0, 1, '2023-01-06 05:42:57'),
(648, 254, 1, 1, 9, 0, 1, '2023-01-06 05:43:30'),
(649, 256, 1, 1, 10, 0, 1, '2023-01-06 05:43:32'),
(650, 254, 1, 2, 10, 0, 1, '2023-01-06 05:43:47'),
(651, 258, 1, 2, 5, 0, 1, '2023-01-06 05:43:52'),
(652, 254, 1, 3, 10, 0, 1, '2023-01-06 05:43:53'),
(653, 256, 1, 2, 8, 0, 1, '2023-01-06 05:44:03'),
(654, 254, 1, 4, 10, 0, 1, '2023-01-06 05:44:04'),
(655, 259, 1, 1, 10, 0, 2, '2023-01-06 05:44:10'),
(656, 258, 1, 3, 9, 0, 1, '2023-01-06 05:44:12'),
(657, 256, 1, 3, 10, 0, 1, '2023-01-06 05:44:19'),
(658, 258, 1, 4, 10, 0, 1, '2023-01-06 05:44:20'),
(659, 258, 1, 4, 10, 0, 1, '2023-01-06 05:44:20'),
(660, 259, 1, 2, 9, 0, 2, '2023-01-06 05:44:30'),
(661, 256, 1, 4, 9, 0, 1, '2023-01-06 05:44:38'),
(662, 258, 1, 5, 9, 0, 1, '2023-01-06 05:44:54'),
(663, 258, 1, 5, 10, 0, 1, '2023-01-06 05:44:54'),
(664, 256, 1, 5, 9, 0, 1, '2023-01-06 05:44:55'),
(665, 259, 1, 3, 10, 0, 2, '2023-01-06 05:44:57'),
(666, 254, 1, 5, 6, 0, 1, '2023-01-06 05:44:59'),
(667, 254, 1, 5, 6, 0, 1, '2023-01-06 05:44:59'),
(668, 254, 1, 6, 8, 0, 1, '2023-01-06 05:45:12'),
(669, 279, 1, 1, 10, 0, 1, '2023-01-06 05:45:14'),
(670, 258, 1, 6, 10, 0, 1, '2023-01-06 05:45:20'),
(671, 258, 1, 6, 10, 0, 1, '2023-01-06 05:45:20'),
(672, 259, 1, 4, 9, 0, 2, '2023-01-06 05:45:20'),
(673, 258, 1, 7, 9, 0, 1, '2023-01-06 05:45:31'),
(674, 279, 1, 2, 10, 0, 1, '2023-01-06 05:45:38'),
(675, 279, 1, 2, 10, 0, 1, '2023-01-06 05:45:38'),
(676, 256, 1, 6, 6, 1, 1, '2023-01-06 05:45:50'),
(677, 254, 1, 7, 6, 0, 1, '2023-01-06 05:45:50'),
(678, 258, 1, 8, 5, 0, 1, '2023-01-06 05:45:52'),
(679, 258, 1, 8, 10, 0, 1, '2023-01-06 05:45:53'),
(680, 259, 1, 5, 5, 1, 2, '2023-01-06 05:46:00'),
(681, 256, 1, 7, 9, 0, 1, '2023-01-06 05:46:03'),
(682, 259, 1, 6, 9, 0, 2, '2023-01-06 05:46:13'),
(683, 258, 1, 9, 6, 0, 1, '2023-01-06 05:46:20'),
(684, 254, 1, 8, 5, 0, 1, '2023-01-06 05:46:29'),
(685, 259, 1, 7, 6, 0, 2, '2023-01-06 05:46:31'),
(686, 256, 1, 8, 7, 1, 1, '2023-01-06 05:46:32'),
(687, 254, 1, 9, 10, 0, 1, '2023-01-06 05:46:34'),
(688, 254, 1, 9, 10, 0, 1, '2023-01-06 05:46:34'),
(689, 259, 1, 8, 10, 0, 2, '2023-01-06 05:46:40'),
(690, 279, 1, 3, 5, 0, 1, '2023-01-06 05:46:40'),
(691, 258, 1, 10, 8, 0, 1, '2023-01-06 05:46:40'),
(692, 258, 1, 10, 8, 0, 1, '2023-01-06 05:46:40'),
(693, 259, 1, 8, 10, 0, 2, '2023-01-06 05:46:41'),
(694, 259, 1, 9, 10, 0, 2, '2023-01-06 05:46:48'),
(695, 259, 1, 9, 10, 0, 2, '2023-01-06 05:46:48'),
(696, 254, 1, 10, 6, 0, 1, '2023-01-06 05:46:53'),
(697, 258, 1, 11, 8, 0, 1, '2023-01-06 05:46:56'),
(698, 256, 1, 9, 5, 0, 1, '2023-01-06 05:46:59'),
(699, 259, 1, 10, 9, 0, 2, '2023-01-06 05:47:06'),
(700, 256, 1, 10, 10, 0, 1, '2023-01-06 05:47:07'),
(701, 279, 1, 4, 6, 0, 1, '2023-01-06 05:47:08'),
(702, 279, 1, 4, 10, 0, 1, '2023-01-06 05:47:08'),
(703, 259, 1, 11, 9, 0, 2, '2023-01-06 05:47:16'),
(704, 259, 1, 11, 10, 0, 2, '2023-01-06 05:47:17'),
(705, 256, 1, 11, 8, 0, 1, '2023-01-06 05:47:19'),
(706, 279, 1, 5, 10, 0, 1, '2023-01-06 05:47:20'),
(707, 254, 1, 11, 6, 0, 1, '2023-01-06 05:47:38'),
(708, 254, 1, 11, 6, 0, 1, '2023-01-06 05:47:38'),
(709, 279, 1, 6, 8, 0, 1, '2023-01-06 05:47:43'),
(710, 267, 1, 1, 10, 0, 1, '2023-01-06 05:53:40'),
(711, 267, 1, 2, 10, 0, 1, '2023-01-06 05:53:47'),
(712, 267, 1, 3, 10, 0, 1, '2023-01-06 05:53:58'),
(713, 267, 1, 4, 10, 0, 1, '2023-01-06 05:54:19'),
(714, 267, 1, 5, 7, 0, 1, '2023-01-06 05:55:07'),
(715, 267, 1, 6, 10, 0, 1, '2023-01-06 05:55:22'),
(716, 267, 1, 7, 5, 0, 1, '2023-01-06 05:56:07'),
(717, 271, 1, 1, 10, 0, 1, '2023-01-06 05:56:43'),
(718, 271, 1, 2, 10, 0, 1, '2023-01-06 05:56:49'),
(719, 267, 1, 8, 5, 1, 1, '2023-01-06 05:57:06'),
(720, 267, 1, 9, 10, 0, 1, '2023-01-06 05:57:15'),
(721, 271, 1, 3, 9, 0, 1, '2023-01-06 05:57:26'),
(722, 271, 1, 4, 10, 0, 1, '2023-01-06 05:57:35'),
(723, 267, 1, 10, 8, 0, 1, '2023-01-06 05:57:38'),
(724, 267, 1, 11, 10, 0, 1, '2023-01-06 05:57:52'),
(725, 271, 1, 5, 9, 0, 1, '2023-01-06 05:57:53'),
(726, 270, 1, 1, 10, 0, 1, '2023-01-06 05:57:56'),
(727, 269, 1, 1, 9, 0, 1, '2023-01-06 05:58:01'),
(728, 271, 1, 6, 9, 0, 1, '2023-01-06 05:58:08'),
(729, 269, 1, 2, 9, 0, 1, '2023-01-06 05:58:14'),
(730, 271, 1, 7, 10, 0, 1, '2023-01-06 05:58:16'),
(731, 271, 1, 8, 10, 0, 1, '2023-01-06 05:58:21'),
(732, 269, 1, 3, 10, 0, 1, '2023-01-06 05:58:31'),
(733, 269, 1, 3, 10, 0, 1, '2023-01-06 05:58:32'),
(734, 265, 1, 1, 7, 1, 1, '2023-01-06 05:58:33'),
(735, 265, 1, 2, 10, 0, 1, '2023-01-06 05:58:42'),
(736, 269, 1, 4, 9, 0, 1, '2023-01-06 05:58:43'),
(737, 279, 1, 6, 9, 0, 1, '2023-01-06 05:58:47'),
(738, 269, 1, 5, 10, 0, 1, '2023-01-06 05:58:48'),
(739, 269, 1, 6, 10, 0, 1, '2023-01-06 05:58:52'),
(740, 265, 1, 3, 9, 0, 1, '2023-01-06 05:58:56'),
(741, 270, 1, 2, 6, 1, 1, '2023-01-06 05:58:57'),
(742, 263, 1, 1, 10, 0, 1, '2023-01-06 05:59:02'),
(743, 265, 1, 4, 10, 0, 1, '2023-01-06 05:59:07'),
(744, 269, 1, 7, 6, 0, 1, '2023-01-06 05:59:11'),
(745, 279, 1, 7, 10, 0, 1, '2023-01-06 05:59:16'),
(746, 271, 1, 9, 5, 0, 1, '2023-01-06 05:59:18'),
(747, 265, 1, 5, 9, 0, 1, '2023-01-06 05:59:19'),
(748, 269, 1, 8, 8, 0, 1, '2023-01-06 05:59:21'),
(749, 265, 1, 6, 10, 0, 1, '2023-01-06 05:59:23'),
(750, 279, 1, 8, 10, 0, 1, '2023-01-06 05:59:25'),
(751, 269, 1, 9, 10, 0, 1, '2023-01-06 05:59:26'),
(752, 271, 1, 10, 9, 0, 1, '2023-01-06 05:59:27'),
(753, 269, 1, 10, 10, 0, 1, '2023-01-06 05:59:30'),
(754, 270, 1, 3, 6, 0, 1, '2023-01-06 05:59:35'),
(755, 279, 1, 9, 10, 0, 1, '2023-01-06 05:59:36'),
(756, 271, 1, 11, 8, 0, 1, '2023-01-06 05:59:41'),
(757, 269, 1, 11, 8, 0, 1, '2023-01-06 05:59:46'),
(758, 265, 1, 7, 5, 0, 1, '2023-01-06 05:59:46'),
(759, 266, 1, 1, 5, 0, 1, '2023-01-06 05:59:50'),
(760, 265, 1, 8, 10, 0, 1, '2023-01-06 05:59:51'),
(761, 265, 1, 9, 10, 0, 1, '2023-01-06 05:59:57'),
(762, 265, 1, 10, 10, 0, 1, '2023-01-06 06:00:00'),
(763, 270, 1, 4, 8, 0, 1, '2023-01-06 06:00:04'),
(764, 265, 1, 11, 7, 0, 1, '2023-01-06 06:00:15'),
(765, 279, 1, 10, 7, 0, 1, '2023-01-06 06:01:00'),
(766, 279, 1, 11, 10, 0, 1, '2023-01-06 06:01:04'),
(767, 270, 1, 5, 5, 0, 1, '2023-01-06 06:01:18'),
(768, 266, 1, 2, 5, 0, 1, '2023-01-06 06:01:50'),
(769, 263, 1, 1, 10, 0, 2, '2023-01-06 06:02:21'),
(770, 270, 1, 6, 5, 0, 1, '2023-01-06 06:02:26'),
(771, 270, 1, 7, 10, 0, 1, '2023-01-06 06:02:34'),
(772, 263, 1, 2, 10, 0, 2, '2023-01-06 06:02:36'),
(773, 263, 1, 3, 10, 0, 2, '2023-01-06 06:02:46'),
(774, 263, 1, 4, 10, 0, 2, '2023-01-06 06:02:56'),
(775, 266, 1, 3, 10, 0, 1, '2023-01-06 06:03:14'),
(776, 266, 1, 3, 10, 0, 1, '2023-01-06 06:03:16'),
(777, 263, 1, 5, 10, 0, 2, '2023-01-06 06:03:18'),
(778, 263, 1, 6, 10, 0, 2, '2023-01-06 06:03:29'),
(779, 266, 1, 3, 5, 0, 1, '2023-01-06 06:03:50'),
(780, 266, 1, 4, 9, 0, 1, '2023-01-06 06:04:00'),
(781, 263, 1, 7, 7, 0, 2, '2023-01-06 06:04:04'),
(782, 266, 1, 5, 10, 0, 1, '2023-01-06 06:04:09'),
(783, 270, 1, 8, 5, 1, 1, '2023-01-06 06:04:11'),
(784, 263, 1, 8, 9, 0, 2, '2023-01-06 06:04:23'),
(785, 270, 1, 9, 9, 0, 1, '2023-01-06 06:04:24'),
(786, 266, 1, 6, 8, 0, 1, '2023-01-06 06:04:25'),
(787, 270, 1, 10, 10, 0, 1, '2023-01-06 06:04:29'),
(788, 266, 1, 7, 8, 0, 1, '2023-01-06 06:04:39'),
(789, 263, 1, 9, 9, 0, 2, '2023-01-06 06:04:44'),
(790, 263, 1, 10, 10, 0, 2, '2023-01-06 06:04:52'),
(791, 264, 1, 1, 10, 0, 1, '2023-01-06 06:04:58'),
(792, 270, 1, 11, 5, 1, 1, '2023-01-06 06:05:01'),
(793, 266, 1, 8, 5, 0, 1, '2023-01-06 06:05:04'),
(794, 264, 1, 2, 10, 0, 1, '2023-01-06 06:05:08'),
(795, 263, 1, 11, 9, 0, 2, '2023-01-06 06:05:08'),
(796, 264, 1, 3, 10, 0, 1, '2023-01-06 06:05:17'),
(797, 266, 1, 9, 6, 0, 1, '2023-01-06 06:05:28'),
(798, 266, 1, 9, 5, 0, 1, '2023-01-06 06:05:58'),
(799, 264, 1, 4, 7, 0, 1, '2023-01-06 06:06:01'),
(800, 264, 1, 4, 10, 0, 1, '2023-01-06 06:06:02'),
(801, 266, 1, 10, 9, 0, 1, '2023-01-06 06:06:07'),
(802, 266, 1, 10, 10, 0, 1, '2023-01-06 06:06:09'),
(803, 264, 1, 5, 9, 0, 1, '2023-01-06 06:06:16'),
(804, 266, 1, 11, 9, 0, 1, '2023-01-06 06:06:18'),
(805, 264, 1, 6, 9, 0, 1, '2023-01-06 06:06:48'),
(806, 264, 1, 7, 10, 0, 1, '2023-01-06 06:07:01'),
(807, 264, 1, 8, 10, 0, 1, '2023-01-06 06:07:17'),
(808, 264, 1, 9, 9, 0, 1, '2023-01-06 06:07:40'),
(809, 261, 1, 1, 9, 0, 1, '2023-01-06 06:07:57'),
(810, 261, 1, 2, 10, 0, 1, '2023-01-06 06:08:03'),
(811, 264, 1, 10, 9, 0, 1, '2023-01-06 06:08:12'),
(812, 261, 1, 3, 8, 0, 1, '2023-01-06 06:08:17'),
(813, 264, 1, 11, 10, 0, 1, '2023-01-06 06:08:22'),
(814, 261, 1, 4, 10, 0, 1, '2023-01-06 06:08:23'),
(815, 261, 1, 5, 10, 0, 1, '2023-01-06 06:08:27'),
(816, 261, 1, 6, 9, 0, 1, '2023-01-06 06:08:37'),
(817, 261, 1, 7, 9, 0, 1, '2023-01-06 06:08:52'),
(818, 261, 1, 8, 9, 0, 1, '2023-01-06 06:09:01'),
(819, 261, 1, 9, 10, 0, 1, '2023-01-06 06:09:04'),
(820, 261, 1, 10, 9, 0, 1, '2023-01-06 06:09:12'),
(821, 261, 1, 11, 8, 0, 1, '2023-01-06 06:09:23');

-- --------------------------------------------------------

--
-- Table structure for table `exam_items`
--

CREATE TABLE `exam_items` (
  `examitem_id` int(11) NOT NULL,
  `question` varchar(500) NOT NULL,
  `exam_ch1` varchar(255) NOT NULL,
  `exam_ch2` varchar(255) NOT NULL,
  `exam_ch3` varchar(255) NOT NULL,
  `exam_ch4` varchar(255) NOT NULL,
  `answerkey` varchar(255) NOT NULL,
  `hint` varchar(255) NOT NULL,
  `exam_id` int(11) NOT NULL
) ENGINE=InnoDB DEFAULT CHARSET=utf8mb4;

--
-- Dumping data for table `exam_items`
--

INSERT INTO `exam_items` (`examitem_id`, `question`, `exam_ch1`, `exam_ch2`, `exam_ch3`, `exam_ch4`, `answerkey`, `hint`, `exam_id`) VALUES
(1, ' It is the intersection of a plane and a double-napped cone.', 'locus', 'conic section', 'circle', 'radius', 'conic section', 'Two connecting cones', 1),
(2, 'A collection of points satisfying a geometric property can also be \r\nreferred to as a ______ of points.\r\n', 'locus', 'conic section', 'circle', 'radius', 'locus', 'Collection of points', 1),
(3, 'A ____________ is the set of all points (x, y) in a plane that are\r\nequidistant from a fixed point, called the center.', 'locus', 'conic section', 'circle', 'radius', 'circle', 'A cone with fixed point and center', 1),
(4, 'A/n ____________ is the set of all points in the plane that are equidistant from a fixed point F(called the focus) and a fixed line or (called the directrix).', 'circle', 'ellipse', 'parabola', 'hyperbola', 'parabola', 'A cone that contains vertex', 1),
(5, 'A/n ___________ is the set of all points in the plane the sum of \r\nwhose distances from two fixed points \\(F_{1}\\) and \\(F_{2}\\) is a constant.', 'circle', 'ellipse', 'parabola', 'hyperbola\r\n', 'ellipse', 'It is an elongated circle', 1),
(6, 'A/n ____________ is the set of all points in the plane, the difference \r\nof whose distances from two fixed points \\(F_{1}\\) and \\(F_{2}\\) is a constant.\r\n', 'circle', 'ellipse', 'parabola ', 'hyperbola', 'hyperbola', 'A cone with two opposite parabolas', 1),
(7, '\\(6x^2+12x+6y^2-8y=100\\) is an example of a', 'Circle', 'parabola ', 'ellipse', 'hyperbola', 'Circle', 'x and y have squares and its coefficients are equal', 1),
(8, '\\(4x^2+12x+y^2-8y=64\\) is an example of a', 'Circle', 'parabola', 'ellipse', 'hyperbola', 'ellipse', 'x and y have squares but its coefficients are equal and the sign between', 1),
(9, '\\(6y=3x^2−15\\) is an example of a', 'Circle', 'parabola', 'ellipse', 'hyperbola', 'parabola', 'Only one variable (either x or y) has a square', 1),
(10, '\\(2x^2+87x-25=y^2+4y\\) is an example of a', 'Circle', 'parabola', 'ellipse', 'hyperbola', 'hyperbola', 'x and y have squares, coefficients are different, the sign between them is subtraction', 1),
(11, '\\(6x^2-15x=3y^2+4y+13\\) is an example of a', 'Circle', 'parabola', 'ellipse', 'hyperbola', 'hyperbola', 'x and y have squares, coefficients are different, the sign between them is subtraction.', 1);

-- --------------------------------------------------------

--
-- Table structure for table `exam_mistakes`
--

CREATE TABLE `exam_mistakes` (
  `mistake_id` int(11) NOT NULL,
  `student_id` int(11) NOT NULL,
  `examitem_id` int(11) NOT NULL,
  `exam_id` int(11) NOT NULL,
  `answer_input` varchar(100) NOT NULL,
  `mistakes` int(11) NOT NULL,
  `exam_attempt` int(255) NOT NULL,
  `examistakes_date` timestamp NOT NULL DEFAULT current_timestamp() ON UPDATE current_timestamp()
) ENGINE=InnoDB DEFAULT CHARSET=utf8mb4;

--
-- Dumping data for table `exam_mistakes`
--

INSERT INTO `exam_mistakes` (`mistake_id`, `student_id`, `examitem_id`, `exam_id`, `answer_input`, `mistakes`, `exam_attempt`, `examistakes_date`) VALUES
(601, 232, 4, 1, 'circle', 1, 1, '2022-12-13 04:15:08'),
(602, 232, 4, 1, 'hyperbola', 1, 1, '2022-12-13 04:15:08'),
(603, 232, 4, 1, 'circle', 1, 1, '2022-12-13 04:15:08'),
(604, 232, 4, 1, 'ellipse', 1, 1, '2022-12-13 04:15:08'),
(605, 232, 4, 1, 'circle', 1, 1, '2022-12-13 04:15:08'),
(606, 232, 4, 1, '', 1, 1, '2022-12-13 04:15:08'),
(607, 232, 4, 1, 'hyperbola', 1, 1, '2022-12-13 04:15:08'),
(608, 236, 1, 1, 'locus', 1, 1, '2022-12-13 04:15:08'),
(609, 236, 1, 1, 'locus', 1, 1, '2022-12-13 04:15:08'),
(610, 232, 5, 1, 'hyperbola\r\n', 1, 1, '2022-12-13 04:15:08'),
(611, 236, 1, 1, 'locus', 1, 1, '2022-12-13 04:15:08'),
(612, 232, 6, 1, '', 1, 1, '2022-12-13 04:15:08'),
(613, 236, 1, 1, '', 1, 1, '2022-12-13 04:15:08'),
(614, 232, 6, 1, 'circle', 1, 1, '2022-12-13 04:15:08'),
(615, 236, 1, 1, 'locus', 1, 1, '2022-12-13 04:15:08'),
(616, 232, 6, 1, 'circle', 1, 1, '2022-12-13 04:15:08'),
(617, 232, 6, 1, 'circle', 1, 1, '2022-12-13 04:15:08'),
(618, 236, 2, 1, 'conic section', 1, 1, '2022-12-13 04:15:08'),
(619, 236, 2, 1, 'conic section', 1, 1, '2022-12-13 04:15:08'),
(620, 232, 7, 1, 'parabola ', 1, 1, '2022-12-13 04:15:08'),
(622, 232, 7, 1, '', 1, 1, '2022-12-13 04:15:08'),
(623, 236, 2, 1, 'radius', 1, 1, '2022-12-13 04:15:08'),
(624, 237, 2, 1, 'conic section', 1, 1, '2022-12-13 04:15:08'),
(625, 230, 1, 1, 'locus', 1, 1, '2022-12-13 04:15:08'),
(626, 232, 8, 1, '', 1, 1, '2022-12-13 04:15:08'),
(627, 230, 1, 1, 'locus', 1, 1, '2022-12-13 04:15:08'),
(628, 232, 8, 1, '', 1, 1, '2022-12-13 04:15:08'),
(629, 230, 1, 1, 'locus', 1, 1, '2022-12-13 04:15:08'),
(630, 232, 8, 1, 'hyperbola', 1, 1, '2022-12-13 04:15:08'),
(631, 236, 2, 1, 'radius', 1, 1, '2022-12-13 04:15:08'),
(632, 230, 1, 1, '', 1, 1, '2022-12-13 04:15:08'),
(633, 236, 2, 1, 'circle', 1, 1, '2022-12-13 04:15:08'),
(634, 236, 2, 1, 'conic section', 1, 1, '2022-12-13 04:15:08'),
(635, 232, 8, 1, 'parabola', 1, 1, '2022-12-13 04:15:08'),
(636, 232, 8, 1, '', 1, 1, '2022-12-13 04:15:08'),
(637, 236, 3, 1, 'locus', 1, 1, '2022-12-13 04:15:08'),
(638, 232, 8, 1, 'Circle', 1, 1, '2022-12-13 04:15:08'),
(639, 236, 3, 1, 'conic section', 1, 1, '2022-12-13 04:15:08'),
(640, 232, 8, 1, 'hyperbola', 1, 1, '2022-12-13 04:15:08'),
(641, 236, 3, 1, 'radius', 1, 1, '2022-12-13 04:15:08'),
(643, 236, 3, 1, 'conic section', 1, 1, '2022-12-13 04:15:08'),
(644, 232, 8, 1, 'hyperbola', 1, 1, '2022-12-13 04:15:08'),
(645, 236, 3, 1, 'conic section', 1, 1, '2022-12-13 04:15:08'),
(646, 232, 8, 1, 'parabola', 1, 1, '2022-12-13 04:15:08'),
(648, 236, 3, 1, 'locus', 1, 1, '2022-12-13 04:15:08'),
(652, 232, 9, 1, '', 1, 1, '2022-12-13 04:15:08'),
(654, 232, 9, 1, '', 1, 1, '2022-12-13 04:15:08'),
(657, 236, 4, 1, 'ellipse', 1, 1, '2022-12-13 04:15:08'),
(658, 232, 9, 1, 'hyperbola', 1, 1, '2022-12-13 04:15:08'),
(659, 230, 4, 1, '', 1, 1, '2022-12-13 04:15:08'),
(660, 236, 4, 1, 'ellipse', 1, 1, '2022-12-13 04:15:08'),
(661, 236, 4, 1, 'hyperbola', 1, 1, '2022-12-13 04:15:08'),
(662, 230, 4, 1, '', 1, 1, '2022-12-13 04:15:08'),
(663, 236, 4, 1, 'circle', 1, 1, '2022-12-13 04:15:08'),
(664, 230, 4, 1, 'circle', 1, 1, '2022-12-13 04:15:08'),
(665, 236, 4, 1, 'hyperbola', 1, 1, '2022-12-13 04:15:08'),
(668, 230, 5, 1, '', 1, 1, '2022-12-13 04:15:08'),
(671, 230, 5, 1, 'parabola', 1, 1, '2022-12-13 04:15:08'),
(672, 232, 10, 1, 'parabola', 1, 1, '2022-12-13 04:15:08'),
(673, 236, 5, 1, 'parabola', 1, 1, '2022-12-13 04:15:08'),
(675, 236, 5, 1, 'circle', 1, 1, '2022-12-13 04:15:08'),
(676, 232, 10, 1, '', 1, 1, '2022-12-13 04:15:08'),
(677, 234, 2, 1, 'radius', 1, 1, '2022-12-13 04:15:08'),
(679, 230, 6, 1, '', 1, 1, '2022-12-13 04:15:08'),
(681, 230, 6, 1, '', 1, 1, '2022-12-13 04:15:08'),
(682, 236, 6, 1, 'circle', 1, 1, '2022-12-13 04:15:08'),
(684, 238, 2, 1, 'conic section', 1, 1, '2022-12-13 04:15:08'),
(685, 236, 6, 1, 'circle', 1, 1, '2022-12-13 04:15:08'),
(689, 230, 6, 1, '', 1, 1, '2022-12-13 04:15:08'),
(690, 236, 6, 1, 'circle', 1, 1, '2022-12-13 04:15:08'),
(692, 236, 6, 1, '', 1, 1, '2022-12-13 04:15:08'),
(693, 232, 11, 1, '', 1, 1, '2022-12-13 04:15:08'),
(695, 230, 6, 1, 'parabola ', 1, 1, '2022-12-13 04:15:08'),
(697, 229, 2, 1, 'conic section', 1, 1, '2022-12-13 04:15:08'),
(698, 236, 7, 1, 'ellipse', 1, 1, '2022-12-13 04:15:08'),
(699, 237, 5, 1, 'hyperbola\r\n', 1, 1, '2022-12-13 04:15:08'),
(702, 230, 6, 1, 'ellipse', 1, 1, '2022-12-13 04:15:08'),
(703, 236, 7, 1, 'hyperbola', 1, 1, '2022-12-13 04:15:08'),
(704, 237, 5, 1, 'circle', 1, 1, '2022-12-13 04:15:08'),
(707, 229, 2, 1, 'conic section', 1, 1, '2022-12-13 04:15:08'),
(708, 229, 2, 1, 'conic section', 1, 1, '2022-12-13 04:15:08'),
(709, 237, 5, 1, '', 1, 1, '2022-12-13 04:15:08'),
(710, 229, 2, 1, 'circle', 1, 1, '2022-12-13 04:15:08'),
(711, 236, 7, 1, 'ellipse', 1, 1, '2022-12-13 04:15:08'),
(712, 229, 2, 1, 'conic section', 1, 1, '2022-12-13 04:15:08'),
(713, 232, 11, 1, 'Circle', 1, 1, '2022-12-13 04:15:08'),
(714, 236, 7, 1, '', 1, 1, '2022-12-13 04:15:08'),
(715, 229, 2, 1, 'radius', 1, 1, '2022-12-13 04:15:08'),
(716, 229, 2, 1, 'radius', 1, 1, '2022-12-13 04:15:08'),
(717, 236, 7, 1, 'parabola ', 1, 1, '2022-12-13 04:15:08'),
(718, 232, 11, 1, 'Circle', 1, 1, '2022-12-13 04:15:08'),
(719, 237, 5, 1, 'circle', 1, 1, '2022-12-13 04:15:08'),
(720, 236, 7, 1, 'ellipse', 1, 1, '2022-12-13 04:15:08'),
(721, 238, 3, 1, 'conic section', 1, 1, '2022-12-13 04:15:08'),
(723, 236, 7, 1, 'hyperbola', 1, 1, '2022-12-13 04:15:08'),
(724, 237, 5, 1, 'parabola', 1, 1, '2022-12-13 04:15:08'),
(725, 238, 3, 1, 'conic section', 1, 1, '2022-12-13 04:15:08'),
(726, 232, 11, 1, '', 1, 1, '2022-12-13 04:15:08'),
(727, 237, 5, 1, 'hyperbola\r\n', 1, 1, '2022-12-13 04:15:08'),
(728, 238, 3, 1, 'radius', 1, 1, '2022-12-13 04:15:08'),
(730, 238, 3, 1, 'locus', 1, 1, '2022-12-13 04:15:08'),
(732, 238, 3, 1, 'locus', 1, 1, '2022-12-13 04:15:08'),
(735, 238, 3, 1, 'conic section', 1, 1, '2022-12-13 04:15:08'),
(737, 236, 8, 1, 'parabola', 1, 1, '2022-12-13 04:15:08'),
(740, 230, 7, 1, 'ellipse', 1, 1, '2022-12-13 04:15:08'),
(741, 236, 8, 1, 'parabola', 1, 1, '2022-12-13 04:15:08'),
(743, 236, 8, 1, 'hyperbola', 1, 1, '2022-12-13 04:15:08'),
(744, 238, 4, 1, 'ellipse', 1, 1, '2022-12-13 04:15:08'),
(745, 229, 5, 1, 'parabola', 1, 1, '2022-12-13 04:15:08'),
(747, 229, 5, 1, 'parabola', 1, 1, '2022-12-13 04:15:08'),
(748, 236, 8, 1, 'Circle', 1, 1, '2022-12-13 04:15:08'),
(749, 229, 5, 1, 'parabola', 1, 1, '2022-12-13 04:15:08'),
(750, 238, 4, 1, 'ellipse', 1, 1, '2022-12-13 04:15:08'),
(751, 229, 5, 1, 'parabola', 1, 1, '2022-12-13 04:15:08'),
(752, 234, 5, 1, '', 1, 1, '2022-12-13 04:15:08'),
(753, 230, 8, 1, 'Circle', 1, 1, '2022-12-13 04:15:08'),
(755, 229, 5, 1, 'hyperbola\r\n', 1, 1, '2022-12-13 04:15:08'),
(756, 232, 11, 1, 'Circle', 1, 1, '2022-12-13 04:15:08'),
(757, 229, 5, 1, 'hyperbola\r\n', 1, 1, '2022-12-13 04:15:08'),
(758, 236, 8, 1, 'Circle', 1, 1, '2022-12-13 04:15:08'),
(760, 236, 8, 1, 'parabola', 1, 1, '2022-12-13 04:15:08'),
(761, 229, 5, 1, 'circle', 1, 1, '2022-12-13 04:15:08'),
(762, 238, 5, 1, 'parabola', 1, 1, '2022-12-13 04:15:08'),
(764, 238, 5, 1, 'circle', 1, 1, '2022-12-13 04:15:08'),
(766, 238, 5, 1, 'circle', 1, 1, '2022-12-13 04:15:08'),
(767, 236, 9, 1, 'hyperbola', 1, 1, '2022-12-13 04:15:08'),
(768, 229, 6, 1, 'circle', 1, 1, '2022-12-13 04:15:08'),
(769, 229, 6, 1, 'circle', 1, 1, '2022-12-13 04:15:08'),
(771, 229, 6, 1, 'circle', 1, 1, '2022-12-13 04:15:08'),
(772, 231, 3, 1, 'radius', 1, 1, '2022-12-13 04:15:08'),
(773, 236, 10, 1, 'parabola', 1, 1, '2022-12-13 04:15:08'),
(778, 238, 6, 1, 'parabola ', 1, 1, '2022-12-13 04:15:08'),
(779, 236, 10, 1, '', 1, 1, '2022-12-13 04:15:08'),
(780, 229, 6, 1, 'ellipse', 1, 1, '2022-12-13 04:15:08'),
(781, 229, 6, 1, 'ellipse', 1, 1, '2022-12-13 04:15:08'),
(782, 238, 6, 1, 'circle', 1, 1, '2022-12-13 04:15:08'),
(784, 236, 10, 1, 'parabola', 1, 1, '2022-12-13 04:15:08'),
(785, 229, 6, 1, 'parabola ', 1, 1, '2022-12-13 04:15:08'),
(786, 238, 6, 1, 'circle', 1, 1, '2022-12-13 04:15:08'),
(791, 238, 6, 1, 'ellipse', 1, 1, '2022-12-13 04:15:08'),
(793, 236, 10, 1, 'parabola', 1, 1, '2022-12-13 04:15:08'),
(794, 234, 7, 1, '', 1, 1, '2022-12-13 04:15:08'),
(796, 231, 3, 1, '', 1, 1, '2022-12-13 04:15:08'),
(798, 238, 6, 1, 'parabola ', 1, 1, '2022-12-13 04:15:08'),
(800, 238, 6, 1, 'ellipse', 1, 1, '2022-12-13 04:15:08'),
(801, 234, 7, 1, 'parabola ', 1, 1, '2022-12-13 04:15:08'),
(803, 238, 6, 1, 'circle', 1, 1, '2022-12-13 04:15:08'),
(804, 236, 10, 1, 'Circle', 1, 1, '2022-12-13 04:15:08'),
(807, 236, 10, 1, 'parabola', 1, 1, '2022-12-13 04:15:08'),
(808, 236, 10, 1, 'ellipse', 1, 1, '2022-12-13 04:15:08'),
(809, 231, 3, 1, 'conic section', 1, 1, '2022-12-13 04:15:08'),
(810, 238, 7, 1, 'hyperbola', 1, 1, '2022-12-13 04:15:08'),
(811, 237, 8, 1, '', 1, 1, '2022-12-13 04:15:08'),
(816, 237, 8, 1, 'parabola', 1, 1, '2022-12-13 04:15:08'),
(818, 234, 8, 1, 'Circle', 1, 1, '2022-12-13 04:15:08'),
(819, 236, 11, 1, 'parabola', 1, 1, '2022-12-13 04:15:08'),
(820, 238, 8, 1, 'hyperbola', 1, 1, '2022-12-13 04:15:08'),
(823, 237, 8, 1, '', 1, 1, '2022-12-13 04:15:08'),
(824, 236, 11, 1, 'parabola', 1, 1, '2022-12-13 04:15:08'),
(825, 238, 8, 1, 'Circle', 1, 1, '2022-12-13 04:15:08'),
(827, 236, 11, 1, '', 1, 1, '2022-12-13 04:15:08'),
(828, 238, 8, 1, 'Circle', 1, 1, '2022-12-13 04:15:08'),
(833, 237, 8, 1, '', 1, 1, '2022-12-13 04:15:08'),
(834, 238, 8, 1, 'Circle', 1, 1, '2022-12-13 04:15:08'),
(837, 236, 11, 1, 'Circle', 1, 1, '2022-12-13 04:15:08'),
(838, 237, 8, 1, 'hyperbola', 1, 1, '2022-12-13 04:15:08'),
(839, 238, 8, 1, 'hyperbola', 1, 1, '2022-12-13 04:15:08'),
(840, 236, 11, 1, 'parabola', 1, 1, '2022-12-13 04:15:08'),
(843, 238, 8, 1, 'parabola', 1, 1, '2022-12-13 04:15:08'),
(845, 237, 8, 1, 'Circle', 1, 1, '2022-12-13 04:15:08'),
(846, 236, 11, 1, 'ellipse', 1, 1, '2022-12-13 04:15:08'),
(849, 234, 9, 1, 'hyperbola', 1, 1, '2022-12-13 04:15:08'),
(850, 237, 8, 1, 'parabola', 1, 1, '2022-12-13 04:15:08'),
(851, 231, 3, 1, 'locus', 1, 1, '2022-12-13 04:15:08'),
(852, 238, 9, 1, 'ellipse', 1, 1, '2022-12-13 04:15:08'),
(854, 238, 9, 1, 'Circle', 1, 1, '2022-12-13 04:15:08'),
(855, 231, 3, 1, 'conic section', 1, 1, '2022-12-13 04:15:08'),
(860, 238, 9, 1, 'hyperbola', 1, 1, '2022-12-13 04:15:08'),
(862, 238, 9, 1, 'Circle', 1, 1, '2022-12-13 04:15:08'),
(863, 231, 3, 1, '', 1, 1, '2022-12-13 04:15:08'),
(866, 234, 10, 1, '', 1, 1, '2022-12-13 04:15:08'),
(869, 231, 3, 1, '', 1, 1, '2022-12-13 04:15:08'),
(871, 234, 10, 1, 'Circle', 1, 1, '2022-12-13 04:15:08'),
(872, 238, 10, 1, 'ellipse', 1, 1, '2022-12-13 04:15:08'),
(873, 238, 10, 1, 'Circle', 1, 1, '2022-12-13 04:15:08'),
(874, 234, 10, 1, 'parabola', 1, 1, '2022-12-13 04:15:08'),
(876, 229, 9, 1, 'ellipse', 1, 1, '2022-12-13 04:15:08'),
(877, 229, 9, 1, 'hyperbola', 1, 1, '2022-12-13 04:15:08'),
(878, 235, 8, 1, '', 1, 1, '2022-12-13 04:15:08'),
(879, 229, 9, 1, 'ellipse', 1, 1, '2022-12-13 04:15:08'),
(880, 235, 8, 1, 'Circle', 1, 1, '2022-12-13 04:15:08'),
(881, 229, 9, 1, 'Circle', 1, 1, '2022-12-13 04:15:08'),
(883, 235, 8, 1, '', 1, 1, '2022-12-13 04:15:08'),
(884, 229, 9, 1, 'hyperbola', 1, 1, '2022-12-13 04:15:08'),
(885, 229, 9, 1, 'hyperbola', 1, 1, '2022-12-13 04:15:08'),
(886, 229, 9, 1, 'ellipse', 1, 1, '2022-12-13 04:15:08'),
(888, 235, 8, 1, 'parabola', 1, 1, '2022-12-13 04:15:08'),
(889, 229, 10, 1, 'ellipse', 1, 1, '2022-12-13 04:15:08'),
(890, 234, 11, 1, '', 1, 1, '2022-12-13 04:15:08'),
(891, 229, 11, 1, 'parabola', 1, 1, '2022-12-13 04:15:08'),
(892, 229, 11, 1, 'parabola', 1, 1, '2022-12-13 04:15:08'),
(893, 229, 11, 1, 'parabola', 1, 1, '2022-12-13 04:15:08'),
(894, 234, 11, 1, '', 1, 1, '2022-12-13 04:15:08'),
(895, 237, 11, 1, 'parabola', 1, 1, '2022-12-13 04:15:08'),
(896, 229, 11, 1, 'Circle', 1, 1, '2022-12-13 04:15:08'),
(897, 237, 11, 1, 'parabola', 1, 1, '2022-12-13 04:15:08'),
(898, 234, 11, 1, '', 1, 1, '2022-12-13 04:15:08'),
(899, 229, 11, 1, 'parabola', 1, 1, '2022-12-13 04:15:08'),
(901, 234, 11, 1, '', 1, 1, '2022-12-13 04:15:08'),
(902, 229, 11, 1, 'ellipse', 1, 1, '2022-12-13 04:15:08'),
(903, 234, 11, 1, 'Circle', 1, 1, '2022-12-13 04:15:08'),
(904, 234, 11, 1, 'ellipse', 1, 1, '2022-12-13 04:15:08'),
(905, 235, 10, 1, '', 1, 1, '2022-12-13 04:15:08'),
(906, 234, 11, 1, 'parabola', 1, 1, '2022-12-13 04:15:08'),
(907, 235, 10, 1, '', 1, 1, '2022-12-13 04:15:08'),
(908, 235, 10, 1, '', 1, 1, '2022-12-13 04:15:08'),
(909, 234, 11, 1, '', 1, 1, '2022-12-13 04:15:08'),
(910, 235, 10, 1, '', 1, 1, '2022-12-13 04:15:08'),
(911, 231, 3, 1, 'locus', 1, 1, '2022-12-13 04:15:08'),
(912, 233, 1, 1, 'circle', 1, 1, '2022-12-13 04:15:08'),
(913, 233, 1, 1, '', 1, 1, '2022-12-13 04:15:08'),
(914, 235, 11, 1, 'parabola', 1, 1, '2022-12-13 04:15:08'),
(915, 233, 1, 1, 'radius', 1, 1, '2022-12-13 04:15:08'),
(916, 235, 11, 1, 'ellipse', 1, 1, '2022-12-13 04:15:08'),
(917, 235, 11, 1, 'parabola', 1, 1, '2022-12-13 04:15:08'),
(918, 235, 11, 1, 'Circle', 1, 1, '2022-12-13 04:15:08'),
(919, 233, 1, 1, '', 1, 1, '2022-12-13 04:15:08'),
(920, 235, 11, 1, '', 1, 1, '2022-12-13 04:15:08'),
(921, 235, 11, 1, 'Circle', 1, 1, '2022-12-13 04:15:08'),
(922, 235, 11, 1, 'parabola', 1, 1, '2022-12-13 04:15:08'),
(923, 235, 11, 1, 'ellipse', 1, 1, '2022-12-13 04:15:08'),
(924, 235, 11, 1, '', 1, 1, '2022-12-13 04:15:08'),
(925, 231, 4, 1, 'circle', 1, 1, '2022-12-13 04:15:08'),
(926, 231, 4, 1, '', 1, 1, '2022-12-13 04:15:08'),
(927, 231, 4, 1, 'hyperbola', 1, 1, '2022-12-13 04:15:08'),
(928, 231, 4, 1, 'ellipse', 1, 1, '2022-12-13 04:15:08'),
(929, 233, 4, 1, 'circle', 1, 1, '2022-12-13 04:15:08'),
(930, 231, 4, 1, '', 1, 1, '2022-12-13 04:15:08'),
(931, 233, 4, 1, 'hyperbola', 1, 1, '2022-12-13 04:15:08'),
(932, 233, 4, 1, '', 1, 1, '2022-12-13 04:15:08'),
(933, 231, 4, 1, 'hyperbola', 1, 1, '2022-12-13 04:15:08'),
(934, 233, 4, 1, 'ellipse', 1, 1, '2022-12-13 04:15:08'),
(935, 233, 5, 1, 'circle', 1, 1, '2022-12-13 04:15:08'),
(936, 233, 5, 1, 'hyperbola\r\n', 1, 1, '2022-12-13 04:15:08'),
(937, 231, 6, 1, '', 1, 1, '2022-12-13 04:15:08'),
(938, 233, 7, 1, '', 1, 1, '2022-12-13 04:15:08'),
(939, 231, 7, 1, 'hyperbola', 1, 1, '2022-12-13 04:15:08'),
(940, 233, 9, 1, '', 1, 1, '2022-12-13 04:15:08'),
(941, 231, 8, 1, 'parabola', 1, 1, '2022-12-13 04:15:08'),
(942, 231, 8, 1, '', 1, 1, '2022-12-13 04:15:08'),
(943, 233, 9, 1, 'hyperbola', 1, 1, '2022-12-13 04:15:08'),
(944, 231, 8, 1, '', 1, 1, '2022-12-13 04:15:08'),
(945, 231, 8, 1, 'Circle', 1, 1, '2022-12-13 04:15:08'),
(946, 231, 9, 1, '', 1, 1, '2022-12-13 04:15:08'),
(947, 231, 10, 1, 'ellipse', 1, 1, '2022-12-13 04:15:08'),
(948, 231, 10, 1, '', 1, 1, '2022-12-13 04:15:08'),
(951, 239, 2, 1, 'circle', 1, 1, '2022-12-13 04:15:08'),
(954, 239, 2, 1, 'radius', 1, 1, '2022-12-13 04:15:08'),
(955, 239, 3, 1, 'radius', 1, 1, '2022-12-13 04:15:08'),
(957, 239, 3, 1, 'locus', 1, 1, '2022-12-13 04:15:08'),
(958, 239, 3, 1, '', 1, 1, '2022-12-13 04:15:08'),
(959, 240, 1, 1, 'circle', 1, 1, '2022-12-13 04:15:08'),
(960, 239, 3, 1, 'conic section', 1, 1, '2022-12-13 04:15:08'),
(961, 240, 3, 1, 'radius', 1, 1, '2022-12-13 04:15:08'),
(962, 240, 3, 1, 'conic section', 1, 1, '2022-12-13 04:15:08'),
(963, 239, 4, 1, 'ellipse', 1, 1, '2022-12-13 04:15:08'),
(964, 240, 3, 1, 'locus', 1, 1, '2022-12-13 04:15:08'),
(965, 240, 3, 1, 'conic section', 1, 1, '2022-12-13 04:15:08'),
(966, 240, 3, 1, 'locus', 1, 1, '2022-12-13 04:15:08'),
(967, 235, 1, 1, '', 1, 1, '2022-12-13 04:15:08'),
(968, 240, 5, 1, 'hyperbola\r\n', 1, 1, '2022-12-13 04:15:08'),
(969, 235, 4, 1, 'ellipse', 1, 1, '2022-12-13 04:15:08'),
(970, 237, 2, 1, 'circle', 1, 1, '2022-12-13 04:15:08'),
(971, 240, 5, 1, 'circle', 1, 1, '2022-12-13 04:15:08'),
(972, 237, 2, 1, 'radius', 1, 1, '2022-12-13 04:15:08'),
(974, 239, 7, 1, '', 1, 1, '2022-12-13 04:15:08'),
(977, 239, 7, 1, '', 1, 1, '2022-12-13 04:15:08'),
(979, 239, 7, 1, 'hyperbola', 1, 1, '2022-12-13 04:15:08'),
(982, 239, 8, 1, '', 1, 1, '2022-12-13 04:15:08'),
(983, 235, 9, 1, 'hyperbola', 1, 1, '2022-12-13 04:15:08'),
(984, 239, 8, 1, 'parabola', 1, 1, '2022-12-13 04:15:08'),
(986, 239, 8, 1, 'hyperbola', 1, 1, '2022-12-13 04:15:08'),
(987, 239, 9, 1, 'hyperbola', 1, 1, '2022-12-13 04:15:08'),
(989, 239, 9, 1, '', 1, 1, '2022-12-13 04:15:08'),
(991, 240, 6, 1, 'ellipse', 1, 1, '2022-12-13 04:15:08'),
(992, 235, 11, 1, 'Circle', 1, 1, '2022-12-13 04:15:08'),
(993, 235, 11, 1, 'ellipse', 1, 1, '2022-12-13 04:15:08'),
(994, 237, 11, 1, 'Circle', 1, 1, '2022-12-13 04:15:08'),
(995, 240, 6, 1, 'ellipse', 1, 1, '2022-12-13 04:15:08'),
(996, 235, 11, 1, 'parabola', 1, 1, '2022-12-13 04:15:08'),
(997, 239, 10, 1, '', 1, 1, '2022-12-13 04:15:08'),
(998, 237, 11, 1, '', 1, 1, '2022-12-13 04:15:08'),
(999, 239, 10, 1, '', 1, 1, '2022-12-13 04:15:08'),
(1000, 237, 11, 1, 'parabola', 1, 1, '2022-12-13 04:15:08'),
(1001, 237, 11, 1, 'ellipse', 1, 1, '2022-12-13 04:15:08'),
(1002, 239, 10, 1, 'ellipse', 1, 1, '2022-12-13 04:15:08'),
(1003, 239, 10, 1, 'parabola', 1, 1, '2022-12-13 04:15:08'),
(1004, 240, 7, 1, 'parabola ', 1, 1, '2022-12-13 04:15:08'),
(1005, 240, 7, 1, 'parabola ', 1, 1, '2022-12-13 04:15:08'),
(1006, 237, 2, 1, 'circle', 1, 1, '2022-12-13 04:15:08'),
(1007, 237, 2, 1, '', 1, 1, '2022-12-13 04:15:08'),
(1008, 237, 2, 1, 'conic section', 1, 1, '2022-12-13 04:15:08'),
(1009, 237, 2, 1, 'radius', 1, 1, '2022-12-13 04:15:08'),
(1014, 240, 9, 1, 'ellipse', 1, 1, '2022-12-13 04:15:08'),
(1016, 240, 9, 1, 'Circle', 1, 1, '2022-12-13 04:15:08'),
(1017, 237, 5, 1, 'parabola', 1, 1, '2022-12-13 04:15:08'),
(1018, 237, 5, 1, 'hyperbola\r\n', 1, 1, '2022-12-13 04:15:08'),
(1019, 237, 6, 1, 'parabola ', 1, 1, '2022-12-13 04:15:08'),
(1020, 240, 10, 1, 'parabola', 1, 1, '2022-12-13 04:15:08'),
(1021, 237, 6, 1, 'circle', 1, 1, '2022-12-13 04:15:08'),
(1022, 240, 10, 1, 'parabola', 1, 1, '2022-12-13 04:15:08'),
(1025, 240, 11, 1, 'Circle', 1, 1, '2022-12-13 04:15:08'),
(1026, 237, 8, 1, 'Circle', 1, 1, '2022-12-13 04:15:08'),
(1027, 240, 11, 1, 'ellipse', 1, 1, '2022-12-13 04:15:08'),
(1028, 237, 8, 1, 'Circle', 1, 1, '2022-12-13 04:15:08'),
(1029, 237, 8, 1, 'hyperbola', 1, 1, '2022-12-13 04:15:08'),
(1030, 237, 8, 1, 'parabola', 1, 1, '2022-12-13 04:15:08'),
(1033, 237, 11, 1, 'ellipse', 1, 1, '2022-12-13 04:15:08'),
(1034, 237, 11, 1, 'Circle', 1, 1, '2022-12-13 04:15:08'),
(1035, 237, 11, 1, 'parabola', 1, 1, '2022-12-13 04:15:08'),
(1040, 238, 1, 1, 'circle', 1, 1, '2022-12-13 04:15:08'),
(1041, 238, 2, 1, 'circle', 1, 1, '2022-12-13 04:15:08'),
(1042, 238, 2, 1, 'circle', 1, 1, '2022-12-13 04:15:08'),
(1043, 238, 2, 1, 'circle', 1, 1, '2022-12-13 04:15:08'),
(1045, 238, 2, 1, 'radius', 1, 1, '2022-12-13 04:15:08'),
(1047, 238, 2, 1, 'conic section', 1, 1, '2022-12-13 04:15:08'),
(1048, 238, 3, 1, 'conic section', 1, 1, '2022-12-13 04:15:08'),
(1049, 238, 3, 1, 'conic section', 1, 1, '2022-12-13 04:15:08'),
(1050, 241, 1, 1, '', 1, 1, '2022-12-13 04:15:08'),
(1051, 241, 2, 1, '', 1, 1, '2022-12-13 04:15:08'),
(1052, 241, 2, 1, 'radius', 1, 1, '2022-12-13 04:15:08'),
(1053, 241, 2, 1, 'conic section', 1, 1, '2022-12-13 04:15:08'),
(1054, 241, 2, 1, 'radius', 1, 1, '2022-12-13 04:15:08'),
(1055, 241, 2, 1, '', 1, 1, '2022-12-13 04:15:08'),
(1056, 241, 2, 1, '', 1, 1, '2022-12-13 04:15:08'),
(1057, 241, 2, 1, 'conic section', 1, 1, '2022-12-13 04:15:08'),
(1058, 241, 2, 1, 'circle', 1, 1, '2022-12-13 04:15:08'),
(1059, 241, 2, 1, 'radius', 1, 1, '2022-12-13 04:15:08'),
(1060, 241, 2, 1, 'conic section', 1, 1, '2022-12-13 04:15:08'),
(1061, 241, 5, 1, 'hyperbola\r\n', 1, 1, '2022-12-13 04:15:08'),
(1062, 241, 7, 1, 'hyperbola', 1, 1, '2022-12-13 04:15:08'),
(1063, 241, 7, 1, '', 1, 1, '2022-12-13 04:15:08'),
(1064, 241, 7, 1, 'parabola ', 1, 1, '2022-12-13 04:15:08'),
(1065, 241, 7, 1, 'ellipse', 1, 1, '2022-12-13 04:15:08'),
(1066, 241, 7, 1, '', 1, 1, '2022-12-13 04:15:08'),
(1113, 242, 1, 1, '', 1, 1, '2022-12-15 06:26:51'),
(1114, 242, 1, 1, '', 1, 1, '2022-12-15 06:27:05'),
(1115, 242, 1, 1, '', 1, 1, '2022-12-15 06:27:31'),
(1116, 242, 2, 1, '', 1, 1, '2022-12-15 06:28:03'),
(1117, 242, 2, 1, '', 1, 1, '2022-12-15 06:28:18'),
(1118, 242, 2, 1, '', 1, 1, '2022-12-15 06:28:29'),
(1119, 242, 2, 1, '', 1, 1, '2022-12-15 06:28:38'),
(1120, 242, 2, 1, '', 1, 1, '2022-12-15 06:28:49'),
(1121, 242, 2, 1, '', 1, 1, '2022-12-15 06:29:02'),
(1122, 242, 2, 1, '', 1, 1, '2022-12-15 06:29:31'),
(1123, 242, 2, 1, 'conic section', 1, 1, '2022-12-15 06:29:35'),
(1124, 243, 3, 1, 'radius', 1, 1, '2022-12-15 06:31:10'),
(1125, 242, 8, 1, 'parabola', 1, 1, '2022-12-15 06:31:17'),
(1126, 243, 3, 1, 'conic section', 1, 1, '2022-12-15 06:31:25'),
(1127, 242, 8, 1, 'parabola', 1, 1, '2022-12-15 06:31:29'),
(1128, 243, 3, 1, '', 1, 1, '2022-12-15 06:31:36'),
(1129, 242, 8, 1, 'parabola', 1, 1, '2022-12-15 06:31:39'),
(1130, 242, 8, 1, 'parabola', 1, 1, '2022-12-15 06:31:43'),
(1131, 242, 8, 1, 'hyperbola', 1, 1, '2022-12-15 06:31:52'),
(1132, 243, 4, 1, 'ellipse', 1, 1, '2022-12-15 06:32:04'),
(1133, 242, 9, 1, 'Circle', 1, 1, '2022-12-15 06:32:11'),
(1134, 243, 4, 1, 'hyperbola', 1, 1, '2022-12-15 06:32:20'),
(1135, 242, 9, 1, 'hyperbola', 1, 1, '2022-12-15 06:32:20'),
(1136, 242, 9, 1, '', 1, 1, '2022-12-15 06:32:28'),
(1137, 242, 9, 1, '', 1, 1, '2022-12-15 06:32:30'),
(1138, 242, 9, 1, 'Circle', 1, 1, '2022-12-15 06:32:33'),
(1139, 242, 10, 1, 'Circle', 1, 1, '2022-12-15 06:32:52'),
(1140, 242, 10, 1, '', 1, 1, '2022-12-15 06:33:01'),
(1141, 242, 10, 1, '', 1, 1, '2022-12-15 06:33:11'),
(1142, 242, 10, 1, 'Circle', 1, 1, '2022-12-15 06:33:15'),
(1143, 243, 6, 1, '', 1, 1, '2022-12-15 06:33:16'),
(1144, 243, 6, 1, 'parabola ', 1, 1, '2022-12-15 06:33:18'),
(1145, 242, 10, 1, 'parabola', 1, 1, '2022-12-15 06:33:24'),
(1146, 242, 10, 1, 'ellipse', 1, 1, '2022-12-15 06:33:33'),
(1147, 242, 10, 1, 'Circle', 1, 1, '2022-12-15 06:33:41'),
(1148, 243, 7, 1, 'parabola ', 1, 1, '2022-12-15 06:33:57'),
(1149, 243, 8, 1, 'hyperbola', 1, 1, '2022-12-15 06:34:29'),
(1150, 243, 9, 1, 'hyperbola', 1, 1, '2022-12-15 06:35:02'),
(1151, 243, 10, 1, 'parabola', 1, 1, '2022-12-15 06:35:33'),
(1152, 243, 11, 1, 'ellipse', 1, 1, '2022-12-15 06:36:03'),
(1153, 243, 11, 1, 'Circle', 1, 1, '2022-12-15 06:36:17'),
(1154, 228, 1, 1, '', 1, 1, '2022-12-15 07:12:11'),
(1155, 228, 3, 1, 'radius', 1, 1, '2022-12-15 07:12:47'),
(1156, 228, 3, 1, 'radius', 1, 1, '2022-12-15 07:12:50'),
(1157, 228, 4, 1, 'circle', 1, 1, '2022-12-15 07:13:14'),
(1158, 228, 4, 1, 'circle', 1, 1, '2022-12-15 07:13:16'),
(1159, 228, 4, 1, 'hyperbola', 1, 1, '2022-12-15 07:13:24'),
(1160, 228, 4, 1, 'hyperbola', 1, 1, '2022-12-15 07:13:27'),
(1161, 228, 4, 1, 'ellipse', 1, 1, '2022-12-15 07:13:37'),
(1162, 228, 4, 1, 'ellipse', 1, 1, '2022-12-15 07:13:39'),
(1163, 228, 4, 1, '', 1, 1, '2022-12-15 07:13:48'),
(1164, 228, 4, 1, '', 1, 1, '2022-12-15 07:13:50'),
(1165, 228, 4, 1, '', 1, 1, '2022-12-15 07:13:52'),
(1166, 228, 4, 1, '', 1, 1, '2022-12-15 07:14:02'),
(1167, 228, 4, 1, 'ellipse', 1, 1, '2022-12-15 07:14:11'),
(1168, 228, 4, 1, 'ellipse', 1, 1, '2022-12-15 07:14:14'),
(1169, 228, 6, 1, 'ellipse', 1, 1, '2022-12-15 07:14:50'),
(1170, 228, 6, 1, 'parabola ', 1, 1, '2022-12-15 07:14:59'),
(1171, 228, 6, 1, 'parabola ', 1, 1, '2022-12-15 07:15:01'),
(1172, 228, 6, 1, 'circle', 1, 1, '2022-12-15 07:15:16'),
(1173, 228, 6, 1, '', 1, 1, '2022-12-15 07:15:26'),
(1174, 228, 7, 1, 'parabola ', 1, 1, '2022-12-15 07:15:42'),
(1175, 228, 7, 1, 'parabola ', 1, 1, '2022-12-15 07:15:44'),
(1176, 228, 7, 1, '', 1, 1, '2022-12-15 07:15:54'),
(1177, 228, 7, 1, 'hyperbola', 1, 1, '2022-12-15 07:15:58'),
(1178, 228, 7, 1, 'ellipse', 1, 1, '2022-12-15 07:16:06'),
(1179, 228, 7, 1, 'ellipse', 1, 1, '2022-12-15 07:16:08'),
(1180, 228, 7, 1, 'ellipse', 1, 1, '2022-12-15 07:16:26'),
(1181, 228, 7, 1, 'ellipse', 1, 1, '2022-12-15 07:16:28'),
(1182, 228, 8, 1, 'parabola', 1, 1, '2022-12-15 07:16:39'),
(1183, 228, 8, 1, 'parabola', 1, 1, '2022-12-15 07:16:41'),
(1184, 228, 8, 1, 'Circle', 1, 1, '2022-12-15 07:16:51'),
(1185, 228, 8, 1, 'hyperbola', 1, 1, '2022-12-15 07:16:59'),
(1186, 228, 8, 1, 'parabola', 1, 1, '2022-12-15 07:17:08'),
(1187, 228, 9, 1, 'Circle', 1, 1, '2022-12-15 07:17:28'),
(1188, 228, 10, 1, '', 1, 1, '2022-12-15 07:17:51'),
(1189, 228, 11, 1, 'Circle', 1, 1, '2022-12-15 07:18:10'),
(1190, 228, 11, 1, 'parabola', 1, 1, '2022-12-15 07:18:18'),
(1191, 228, 11, 1, '', 1, 1, '2022-12-15 07:18:27'),
(1192, 228, 11, 1, '', 1, 1, '2022-12-15 07:18:29'),
(1193, 228, 11, 1, '', 1, 1, '2022-12-15 07:18:31'),
(1194, 244, 2, 1, 'radius', 1, 1, '2022-12-15 07:58:14'),
(1195, 244, 3, 1, 'radius', 1, 1, '2022-12-15 07:58:48'),
(1196, 244, 4, 1, 'ellipse', 1, 1, '2022-12-15 07:59:10'),
(1197, 244, 4, 1, 'hyperbola', 1, 1, '2022-12-15 07:59:16'),
(1198, 244, 5, 1, '', 1, 1, '2022-12-15 07:59:44'),
(1199, 244, 6, 1, 'ellipse', 1, 1, '2022-12-15 08:00:02'),
(1200, 244, 7, 1, 'ellipse', 1, 1, '2022-12-15 08:00:16'),
(1201, 244, 8, 1, 'hyperbola', 1, 1, '2022-12-15 08:00:29'),
(1202, 244, 9, 1, 'ellipse', 1, 1, '2022-12-15 08:00:47'),
(1203, 244, 10, 1, '', 1, 1, '2022-12-15 08:01:02'),
(1204, 244, 10, 1, 'Circle', 1, 1, '2022-12-15 08:01:08'),
(1205, 244, 10, 1, 'Circle', 1, 1, '2022-12-15 08:01:16'),
(1206, 244, 10, 1, 'Circle', 1, 1, '2022-12-15 08:01:21'),
(1207, 244, 11, 1, 'parabola', 1, 1, '2022-12-15 08:02:16'),
(1208, 244, 11, 1, 'Circle', 1, 1, '2022-12-15 08:02:21'),
(1209, 244, 11, 1, '', 1, 1, '2022-12-15 08:02:21'),
(1210, 244, 11, 1, 'ellipse', 1, 1, '2022-12-15 08:02:24'),
(1211, 244, 11, 1, 'ellipse', 1, 1, '2022-12-15 08:02:24'),
(1212, 246, 2, 1, 'radius', 1, 1, '2022-12-15 08:45:24'),
(1213, 247, 1, 1, 'circle', 1, 1, '2022-12-15 08:45:28'),
(1214, 246, 2, 1, 'circle', 1, 1, '2022-12-15 08:45:42'),
(1215, 247, 1, 1, 'circle', 1, 1, '2022-12-15 08:45:50'),
(1216, 246, 2, 1, 'circle', 1, 1, '2022-12-15 08:45:58'),
(1217, 246, 2, 1, 'circle', 1, 1, '2022-12-15 08:46:05'),
(1218, 246, 2, 1, 'conic section', 1, 1, '2022-12-15 08:46:22'),
(1219, 247, 2, 1, 'circle', 1, 1, '2022-12-15 08:46:26'),
(1220, 247, 2, 1, 'conic section', 1, 1, '2022-12-15 08:46:27'),
(1221, 247, 2, 1, 'radius', 1, 1, '2022-12-15 08:46:32'),
(1222, 247, 2, 1, 'radius', 1, 1, '2022-12-15 08:46:32'),
(1223, 247, 2, 1, 'radius', 1, 1, '2022-12-15 08:46:34'),
(1224, 246, 2, 1, 'radius', 1, 1, '2022-12-15 08:46:49'),
(1225, 247, 3, 1, 'radius', 1, 1, '2022-12-15 08:46:49'),
(1226, 247, 3, 1, 'locus', 1, 1, '2022-12-15 08:46:54'),
(1227, 246, 2, 1, 'conic section', 1, 1, '2022-12-15 08:46:57'),
(1228, 246, 2, 1, '', 1, 1, '2022-12-15 08:47:02'),
(1229, 247, 3, 1, 'conic section', 1, 1, '2022-12-15 08:47:03'),
(1230, 247, 3, 1, 'locus', 1, 1, '2022-12-15 08:47:10'),
(1231, 247, 3, 1, 'conic section', 1, 1, '2022-12-15 08:47:19'),
(1232, 247, 3, 1, 'conic section', 1, 1, '2022-12-15 08:47:20'),
(1233, 247, 3, 1, 'locus', 1, 1, '2022-12-15 08:47:25'),
(1234, 247, 3, 1, 'locus', 1, 1, '2022-12-15 08:47:26'),
(1235, 246, 4, 1, 'ellipse', 1, 1, '2022-12-15 08:47:43'),
(1236, 247, 4, 1, 'circle', 1, 1, '2022-12-15 08:47:46'),
(1237, 247, 4, 1, 'ellipse', 1, 1, '2022-12-15 08:47:53'),
(1238, 246, 4, 1, 'hyperbola', 1, 1, '2022-12-15 08:47:58'),
(1239, 247, 4, 1, 'hyperbola', 1, 1, '2022-12-15 08:48:00'),
(1240, 247, 4, 1, 'circle', 1, 1, '2022-12-15 08:48:04'),
(1241, 247, 5, 1, 'circle', 1, 1, '2022-12-15 08:48:29'),
(1242, 246, 7, 1, 'hyperbola', 1, 1, '2022-12-15 08:48:39'),
(1243, 246, 7, 1, 'parabola ', 1, 1, '2022-12-15 08:48:49'),
(1244, 247, 6, 1, 'ellipse', 1, 1, '2022-12-15 08:48:52'),
(1245, 247, 7, 1, 'parabola ', 1, 1, '2022-12-15 08:49:19'),
(1246, 247, 7, 1, 'parabola ', 1, 1, '2022-12-15 08:49:27'),
(1247, 246, 9, 1, 'hyperbola', 1, 1, '2022-12-15 08:49:29'),
(1248, 246, 9, 1, '', 1, 1, '2022-12-15 08:49:34'),
(1249, 246, 10, 1, 'ellipse', 1, 1, '2022-12-15 08:49:46'),
(1250, 247, 8, 1, 'hyperbola', 1, 1, '2022-12-15 08:49:48'),
(1251, 246, 10, 1, 'Circle', 1, 1, '2022-12-15 08:49:51'),
(1252, 246, 11, 1, 'parabola', 1, 1, '2022-12-15 08:50:04'),
(1253, 246, 11, 1, 'ellipse', 1, 1, '2022-12-15 08:50:08'),
(1254, 247, 9, 1, 'Circle', 1, 1, '2022-12-15 08:50:09'),
(1255, 246, 11, 1, 'Circle', 1, 1, '2022-12-15 08:50:13'),
(1256, 247, 11, 1, 'parabola', 1, 1, '2022-12-15 08:50:36'),
(1257, 247, 11, 1, 'ellipse', 1, 1, '2022-12-15 08:50:43'),
(1258, 247, 11, 1, 'Circle', 1, 1, '2022-12-15 08:50:46'),
(1275, 2, 2, 1, 'conic section', 1, 1, '2023-01-05 15:26:37'),
(1276, 2, 2, 1, 'conic section', 1, 1, '2023-01-05 15:26:39'),
(1277, 2, 5, 1, 'parabola', 1, 1, '2023-01-05 15:26:48'),
(1278, 2, 5, 1, 'circle', 1, 1, '2023-01-05 15:26:50'),
(1279, 2, 5, 1, 'parabola', 1, 1, '2023-01-05 15:26:52'),
(1280, 2, 5, 1, 'circle', 1, 1, '2023-01-05 15:27:00'),
(1281, 2, 7, 1, 'hyperbola', 1, 1, '2023-01-05 15:27:07'),
(1282, 2, 7, 1, 'parabola ', 1, 1, '2023-01-05 15:27:09'),
(1283, 2, 8, 1, 'Circle', 1, 1, '2023-01-05 15:27:14'),
(1284, 2, 8, 1, 'hyperbola', 1, 1, '2023-01-05 15:27:17'),
(1285, 2, 8, 1, 'Circle', 1, 1, '2023-01-05 15:27:20'),
(1286, 2, 8, 1, 'hyperbola', 1, 1, '2023-01-05 15:27:26'),
(1287, 2, 8, 1, 'Circle', 1, 1, '2023-01-05 15:27:35'),
(1288, 2, 8, 1, 'parabola', 1, 1, '2023-01-05 15:27:38'),
(1289, 2, 9, 1, 'hyperbola', 1, 1, '2023-01-05 15:27:42'),
(1290, 2, 10, 1, 'parabola', 1, 1, '2023-01-05 15:27:47'),
(1291, 2, 10, 1, 'ellipse', 1, 1, '2023-01-05 15:27:54'),
(1292, 2, 10, 1, 'ellipse', 1, 1, '2023-01-05 15:27:56'),
(1293, 2, 10, 1, 'ellipse', 1, 1, '2023-01-05 15:27:59'),
(1294, 2, 11, 1, 'parabola', 1, 1, '2023-01-05 15:28:05'),
(1295, 2, 1, 1, 'radius', 1, 2, '2023-01-06 02:41:38'),
(1296, 2, 2, 1, 'circle', 1, 2, '2023-01-06 02:41:46'),
(1297, 2, 2, 1, 'conic section', 1, 2, '2023-01-06 02:41:48'),
(1298, 2, 2, 1, 'circle', 1, 2, '2023-01-06 02:41:51'),
(1299, 2, 3, 1, 'conic section', 1, 2, '2023-01-06 02:42:02'),
(1300, 2, 3, 1, 'locus', 1, 2, '2023-01-06 02:42:04'),
(1301, 2, 3, 1, 'conic section', 1, 2, '2023-01-06 02:42:06'),
(1302, 2, 3, 1, 'radius', 1, 2, '2023-01-06 02:42:14'),
(1303, 2, 3, 1, 'radius', 1, 2, '2023-01-06 02:42:42'),
(1304, 2, 5, 1, 'hyperbola\r\n', 1, 2, '2023-01-06 02:42:50'),
(1305, 2, 5, 1, 'hyperbola\r\n', 1, 2, '2023-01-06 02:42:53'),
(1306, 2, 5, 1, 'parabola', 1, 2, '2023-01-06 02:42:56'),
(1307, 2, 5, 1, 'circle', 1, 2, '2023-01-06 02:42:58'),
(1308, 278, 1, 1, 'locus', 1, 1, '2023-01-06 02:43:01'),
(1309, 2, 5, 1, 'circle', 1, 2, '2023-01-06 02:43:01'),
(1310, 278, 1, 1, 'locus', 1, 1, '2023-01-06 02:43:06'),
(1311, 2, 6, 1, 'parabola ', 1, 2, '2023-01-06 02:43:08'),
(1312, 278, 1, 1, 'locus', 1, 1, '2023-01-06 02:43:11'),
(1313, 278, 1, 1, 'locus', 1, 1, '2023-01-06 02:43:12'),
(1314, 2, 7, 1, 'ellipse', 1, 2, '2023-01-06 02:43:22'),
(1315, 2, 7, 1, 'hyperbola', 1, 2, '2023-01-06 02:43:25'),
(1316, 2, 7, 1, 'parabola ', 1, 2, '2023-01-06 02:43:27'),
(1317, 2, 7, 1, 'ellipse', 1, 2, '2023-01-06 02:43:34'),
(1318, 2, 7, 1, 'ellipse', 1, 2, '2023-01-06 02:43:37'),
(1319, 278, 2, 1, 'radius', 1, 1, '2023-01-06 02:43:39'),
(1320, 278, 2, 1, 'conic section', 1, 1, '2023-01-06 02:43:44'),
(1321, 278, 2, 1, 'conic section', 1, 1, '2023-01-06 02:43:52'),
(1322, 278, 2, 1, 'circle', 1, 1, '2023-01-06 02:43:56'),
(1323, 278, 3, 1, 'locus', 1, 1, '2023-01-06 02:44:05'),
(1324, 278, 3, 1, 'locus', 1, 1, '2023-01-06 02:44:08'),
(1325, 278, 3, 1, 'locus', 1, 1, '2023-01-06 02:44:10'),
(1326, 278, 3, 1, 'radius', 1, 1, '2023-01-06 02:44:13'),
(1327, 278, 3, 1, 'locus', 1, 1, '2023-01-06 02:44:16'),
(1328, 278, 3, 1, 'conic section', 1, 1, '2023-01-06 02:44:18'),
(1329, 278, 4, 1, 'circle', 1, 1, '2023-01-06 02:44:28'),
(1330, 278, 4, 1, 'ellipse', 1, 1, '2023-01-06 02:44:31'),
(1331, 278, 4, 1, 'hyperbola', 1, 1, '2023-01-06 02:44:36'),
(1332, 278, 5, 1, 'parabola', 1, 1, '2023-01-06 02:44:57'),
(1333, 278, 5, 1, 'circle', 1, 1, '2023-01-06 02:45:00'),
(1334, 278, 6, 1, 'parabola ', 1, 1, '2023-01-06 02:45:06'),
(1335, 278, 6, 1, 'parabola ', 1, 1, '2023-01-06 02:45:09'),
(1336, 278, 6, 1, 'parabola ', 1, 1, '2023-01-06 02:45:11'),
(1337, 278, 6, 1, 'parabola ', 1, 1, '2023-01-06 02:45:14'),
(1338, 278, 6, 1, 'ellipse', 1, 1, '2023-01-06 02:45:20'),
(1339, 278, 6, 1, 'circle', 1, 1, '2023-01-06 02:45:23'),
(1340, 278, 7, 1, 'ellipse', 1, 1, '2023-01-06 02:45:28'),
(1341, 278, 7, 1, 'ellipse', 1, 1, '2023-01-06 02:45:31'),
(1342, 278, 7, 1, 'ellipse', 1, 1, '2023-01-06 02:45:38'),
(1343, 278, 7, 1, 'ellipse', 1, 1, '2023-01-06 02:45:43'),
(1344, 278, 7, 1, 'hyperbola', 1, 1, '2023-01-06 02:45:47'),
(1345, 278, 9, 1, 'Circle', 1, 1, '2023-01-06 02:45:58'),
(1346, 278, 11, 1, 'ellipse', 1, 1, '2023-01-06 02:46:13'),
(1347, 278, 11, 1, 'Circle', 1, 1, '2023-01-06 02:46:16'),
(1348, 278, 11, 1, 'Circle', 1, 1, '2023-01-06 02:46:18'),
(1349, 249, 1, 1, 'circle', 1, 1, '2023-01-06 04:19:06'),
(1350, 248, 1, 1, 'locus', 1, 1, '2023-01-06 04:19:23'),
(1351, 249, 1, 1, 'locus', 1, 1, '2023-01-06 04:19:26'),
(1352, 248, 1, 1, 'radius', 1, 1, '2023-01-06 04:19:32'),
(1353, 249, 1, 1, 'radius', 1, 1, '2023-01-06 04:19:42'),
(1354, 249, 1, 1, 'circle', 1, 1, '2023-01-06 04:19:47'),
(1355, 248, 2, 1, 'circle', 1, 1, '2023-01-06 04:20:11'),
(1356, 248, 4, 1, 'ellipse', 1, 1, '2023-01-06 04:20:38'),
(1357, 249, 2, 1, 'radius', 1, 1, '2023-01-06 04:20:42'),
(1358, 249, 3, 1, 'radius', 1, 1, '2023-01-06 04:21:03'),
(1359, 248, 8, 1, 'parabola', 1, 1, '2023-01-06 04:21:16'),
(1360, 248, 8, 1, 'parabola', 1, 1, '2023-01-06 04:21:23'),
(1361, 249, 4, 1, 'ellipse', 1, 1, '2023-01-06 04:21:25'),
(1362, 248, 8, 1, 'hyperbola', 1, 1, '2023-01-06 04:21:28'),
(1363, 249, 4, 1, 'hyperbola', 1, 1, '2023-01-06 04:21:32'),
(1364, 248, 8, 1, 'parabola', 1, 1, '2023-01-06 04:21:33'),
(1365, 249, 4, 1, 'ellipse', 1, 1, '2023-01-06 04:21:39'),
(1366, 248, 8, 1, 'Circle', 1, 1, '2023-01-06 04:21:53'),
(1367, 249, 5, 1, 'parabola', 1, 1, '2023-01-06 04:21:58'),
(1368, 248, 8, 1, 'parabola', 1, 1, '2023-01-06 04:21:58'),
(1369, 248, 8, 1, 'hyperbola', 1, 1, '2023-01-06 04:22:03'),
(1370, 249, 5, 1, 'hyperbola\r\n', 1, 1, '2023-01-06 04:22:05'),
(1371, 249, 6, 1, 'ellipse', 1, 1, '2023-01-06 04:22:22'),
(1372, 248, 10, 1, 'Circle', 1, 1, '2023-01-06 04:22:26'),
(1373, 249, 6, 1, 'ellipse', 1, 1, '2023-01-06 04:22:27'),
(1374, 249, 7, 1, 'parabola ', 1, 1, '2023-01-06 04:22:41'),
(1375, 248, 11, 1, 'Circle', 1, 1, '2023-01-06 04:22:41'),
(1376, 248, 11, 1, 'Circle', 1, 1, '2023-01-06 04:22:45'),
(1377, 248, 11, 1, 'ellipse', 1, 1, '2023-01-06 04:22:50'),
(1378, 249, 7, 1, 'hyperbola', 1, 1, '2023-01-06 04:22:50'),
(1379, 249, 10, 1, 'Circle', 1, 1, '2023-01-06 04:23:22'),
(1380, 249, 11, 1, 'parabola', 1, 1, '2023-01-06 04:23:38'),
(1381, 249, 11, 1, 'parabola', 1, 1, '2023-01-06 04:23:43'),
(1382, 249, 11, 1, 'ellipse', 1, 1, '2023-01-06 04:23:47'),
(1383, 249, 11, 1, 'ellipse', 1, 1, '2023-01-06 04:24:09'),
(1384, 249, 11, 1, 'Circle', 1, 1, '2023-01-06 04:24:17'),
(1385, 249, 11, 1, 'parabola', 1, 1, '2023-01-06 04:24:21'),
(1386, 252, 2, 1, 'circle', 1, 1, '2023-01-06 05:37:33'),
(1387, 252, 2, 1, 'radius', 1, 1, '2023-01-06 05:37:38'),
(1388, 252, 2, 1, 'conic section', 1, 1, '2023-01-06 05:37:45'),
(1389, 252, 3, 1, 'locus', 1, 1, '2023-01-06 05:38:07'),
(1390, 252, 3, 1, 'radius', 1, 1, '2023-01-06 05:38:11'),
(1391, 252, 4, 1, 'hyperbola', 1, 1, '2023-01-06 05:39:08'),
(1392, 252, 4, 1, 'ellipse', 1, 1, '2023-01-06 05:39:19'),
(1393, 252, 5, 1, 'hyperbola\r\n', 1, 1, '2023-01-06 05:39:34'),
(1394, 252, 6, 1, 'circle', 1, 1, '2023-01-06 05:39:46'),
(1395, 252, 6, 1, 'circle', 1, 1, '2023-01-06 05:39:50'),
(1396, 252, 6, 1, 'parabola ', 1, 1, '2023-01-06 05:39:56'),
(1397, 250, 1, 1, 'circle', 1, 1, '2023-01-06 05:40:18'),
(1398, 252, 7, 1, 'parabola ', 1, 1, '2023-01-06 05:40:26'),
(1399, 250, 3, 1, 'radius', 1, 1, '2023-01-06 05:40:56'),
(1400, 258, 1, 1, 'circle', 1, 1, '2023-01-06 05:41:10'),
(1401, 252, 11, 1, 'Circle', 1, 1, '2023-01-06 05:41:13'),
(1402, 252, 11, 1, 'Circle', 1, 1, '2023-01-06 05:41:16'),
(1403, 252, 11, 1, 'parabola', 1, 1, '2023-01-06 05:41:21'),
(1404, 250, 6, 1, 'ellipse', 1, 1, '2023-01-06 05:41:30'),
(1405, 258, 1, 1, 'circle', 1, 1, '2023-01-06 05:41:43'),
(1406, 250, 7, 1, 'ellipse', 1, 1, '2023-01-06 05:41:45'),
(1407, 258, 1, 1, 'circle', 1, 1, '2023-01-06 05:41:49'),
(1408, 250, 11, 1, 'Circle', 1, 1, '2023-01-06 05:42:38'),
(1409, 250, 11, 1, 'ellipse', 1, 1, '2023-01-06 05:42:46'),
(1410, 258, 2, 1, 'conic section', 1, 1, '2023-01-06 05:42:48'),
(1411, 250, 11, 1, 'parabola', 1, 1, '2023-01-06 05:42:51'),
(1412, 258, 2, 1, 'conic section', 1, 1, '2023-01-06 05:42:52'),
(1413, 272, 1, 1, 'radius', 1, 1, '2023-01-06 05:42:59'),
(1414, 258, 2, 1, 'conic section', 1, 1, '2023-01-06 05:43:10'),
(1415, 258, 2, 1, 'radius', 1, 1, '2023-01-06 05:43:13'),
(1416, 254, 1, 1, 'locus', 1, 1, '2023-01-06 05:43:22'),
(1417, 258, 2, 1, 'conic section', 1, 1, '2023-01-06 05:43:31'),
(1418, 272, 1, 1, 'locus', 1, 1, '2023-01-06 05:43:40'),
(1419, 256, 2, 1, 'circle', 1, 1, '2023-01-06 05:43:53'),
(1420, 256, 2, 1, 'circle', 1, 1, '2023-01-06 05:43:53'),
(1421, 258, 3, 1, 'radius', 1, 1, '2023-01-06 05:44:01'),
(1422, 254, 5, 1, 'circle', 1, 1, '2023-01-06 05:44:18'),
(1423, 254, 5, 1, 'parabola', 1, 1, '2023-01-06 05:44:20'),
(1424, 259, 2, 1, 'circle', 1, 2, '2023-01-06 05:44:22'),
(1425, 258, 5, 1, 'hyperbola\r\n', 1, 1, '2023-01-06 05:44:29'),
(1426, 256, 4, 1, 'ellipse', 1, 1, '2023-01-06 05:44:33'),
(1427, 254, 5, 1, 'circle', 1, 1, '2023-01-06 05:44:50'),
(1428, 256, 5, 1, 'hyperbola\r\n', 1, 1, '2023-01-06 05:44:51'),
(1429, 254, 5, 1, 'parabola', 1, 1, '2023-01-06 05:44:54'),
(1430, 256, 6, 1, 'circle', 1, 1, '2023-01-06 05:45:04'),
(1431, 254, 6, 1, 'circle', 1, 1, '2023-01-06 05:45:05'),
(1432, 254, 6, 1, 'ellipse', 1, 1, '2023-01-06 05:45:09'),
(1433, 256, 6, 1, 'ellipse', 1, 1, '2023-01-06 05:45:14'),
(1434, 259, 4, 1, 'ellipse', 1, 2, '2023-01-06 05:45:17'),
(1435, 254, 7, 1, 'ellipse', 1, 1, '2023-01-06 05:45:18'),
(1436, 256, 6, 1, 'ellipse', 1, 1, '2023-01-06 05:45:20'),
(1437, 258, 7, 1, 'parabola ', 1, 1, '2023-01-06 05:45:26'),
(1438, 254, 7, 1, 'ellipse', 1, 1, '2023-01-06 05:45:29'),
(1439, 259, 5, 1, 'parabola', 1, 2, '2023-01-06 05:45:31'),
(1440, 256, 6, 1, 'parabola ', 1, 1, '2023-01-06 05:45:34'),
(1441, 259, 5, 1, 'circle', 1, 2, '2023-01-06 05:45:34'),
(1442, 259, 5, 1, 'hyperbola\r\n', 1, 2, '2023-01-06 05:45:37'),
(1443, 254, 7, 1, 'hyperbola', 1, 1, '2023-01-06 05:45:38'),
(1444, 258, 8, 1, 'hyperbola', 1, 1, '2023-01-06 05:45:39'),
(1445, 258, 8, 1, 'hyperbola', 1, 1, '2023-01-06 05:45:39'),
(1446, 254, 7, 1, 'ellipse', 1, 1, '2023-01-06 05:45:40'),
(1447, 259, 5, 1, 'circle', 1, 2, '2023-01-06 05:45:40'),
(1448, 259, 5, 1, 'hyperbola\r\n', 1, 2, '2023-01-06 05:45:43'),
(1449, 258, 8, 1, 'parabola', 1, 1, '2023-01-06 05:45:44'),
(1450, 258, 8, 1, 'parabola', 1, 1, '2023-01-06 05:45:44'),
(1451, 258, 8, 1, 'parabola', 1, 1, '2023-01-06 05:45:47'),
(1452, 254, 8, 1, 'Circle', 1, 1, '2023-01-06 05:45:55'),
(1453, 254, 8, 1, 'Circle', 1, 1, '2023-01-06 05:45:58'),
(1454, 256, 7, 1, 'ellipse', 1, 1, '2023-01-06 05:45:59'),
(1455, 258, 9, 1, 'Circle', 1, 1, '2023-01-06 05:46:03'),
(1456, 258, 9, 1, 'Circle', 1, 1, '2023-01-06 05:46:03'),
(1457, 254, 8, 1, 'Circle', 1, 1, '2023-01-06 05:46:06'),
(1458, 255, 1, 1, 'radius', 1, 1, '2023-01-06 05:46:10'),
(1459, 259, 6, 1, 'circle', 1, 2, '2023-01-06 05:46:11'),
(1460, 256, 8, 1, 'Circle', 1, 1, '2023-01-06 05:46:12'),
(1461, 279, 3, 1, 'locus', 1, 1, '2023-01-06 05:46:12'),
(1462, 258, 9, 1, 'hyperbola', 1, 1, '2023-01-06 05:46:14'),
(1463, 258, 9, 1, 'hyperbola', 1, 1, '2023-01-06 05:46:14'),
(1464, 254, 8, 1, 'hyperbola', 1, 1, '2023-01-06 05:46:15'),
(1465, 254, 8, 1, 'hyperbola', 1, 1, '2023-01-06 05:46:15'),
(1466, 256, 8, 1, 'parabola', 1, 1, '2023-01-06 05:46:16'),
(1467, 254, 8, 1, 'Circle', 1, 1, '2023-01-06 05:46:19'),
(1468, 256, 8, 1, 'hyperbola', 1, 1, '2023-01-06 05:46:21'),
(1469, 254, 8, 1, 'parabola', 1, 1, '2023-01-06 05:46:21'),
(1470, 259, 7, 1, 'ellipse', 1, 2, '2023-01-06 05:46:24'),
(1471, 259, 7, 1, 'parabola ', 1, 2, '2023-01-06 05:46:25'),
(1472, 259, 7, 1, 'parabola ', 1, 2, '2023-01-06 05:46:25'),
(1473, 259, 7, 1, 'hyperbola', 1, 2, '2023-01-06 05:46:28'),
(1474, 255, 1, 1, 'circle', 1, 1, '2023-01-06 05:46:30'),
(1475, 279, 3, 1, 'conic section', 1, 1, '2023-01-06 05:46:30'),
(1476, 279, 3, 1, 'conic section', 1, 1, '2023-01-06 05:46:31'),
(1477, 279, 3, 1, 'conic section', 1, 1, '2023-01-06 05:46:31'),
(1478, 279, 3, 1, 'conic section', 1, 1, '2023-01-06 05:46:31'),
(1479, 279, 3, 1, 'conic section', 1, 1, '2023-01-06 05:46:31'),
(1480, 279, 3, 1, 'radius', 1, 1, '2023-01-06 05:46:35'),
(1481, 258, 10, 1, 'Circle', 1, 1, '2023-01-06 05:46:37'),
(1482, 258, 10, 1, 'Circle', 1, 1, '2023-01-06 05:46:37'),
(1483, 256, 9, 1, 'ellipse', 1, 1, '2023-01-06 05:46:37'),
(1484, 254, 10, 1, 'Circle', 1, 1, '2023-01-06 05:46:38'),
(1485, 256, 9, 1, 'Circle', 1, 1, '2023-01-06 05:46:41'),
(1486, 254, 10, 1, 'Circle', 1, 1, '2023-01-06 05:46:43'),
(1487, 254, 10, 1, 'Circle', 1, 1, '2023-01-06 05:46:44'),
(1488, 254, 10, 1, 'Circle', 1, 1, '2023-01-06 05:46:45'),
(1489, 256, 9, 1, 'hyperbola', 1, 1, '2023-01-06 05:46:50'),
(1490, 258, 11, 1, 'Circle', 1, 1, '2023-01-06 05:46:51'),
(1491, 258, 11, 1, 'Circle', 1, 1, '2023-01-06 05:46:51'),
(1492, 258, 11, 1, 'Circle', 1, 1, '2023-01-06 05:46:51'),
(1493, 258, 11, 1, 'Circle', 1, 1, '2023-01-06 05:46:52'),
(1494, 258, 11, 1, 'Circle', 1, 1, '2023-01-06 05:46:52'),
(1495, 256, 9, 1, 'ellipse', 1, 1, '2023-01-06 05:46:53'),
(1496, 259, 10, 1, 'Circle', 1, 2, '2023-01-06 05:46:55'),
(1497, 279, 4, 1, 'ellipse', 1, 1, '2023-01-06 05:46:56'),
(1498, 256, 9, 1, 'ellipse', 1, 1, '2023-01-06 05:46:56'),
(1499, 279, 4, 1, 'ellipse', 1, 1, '2023-01-06 05:46:56'),
(1500, 279, 4, 1, 'ellipse', 1, 1, '2023-01-06 05:46:57'),
(1501, 279, 4, 1, 'hyperbola', 1, 1, '2023-01-06 05:47:00'),
(1502, 254, 11, 1, 'Circle', 1, 1, '2023-01-06 05:47:08'),
(1503, 254, 11, 1, 'Circle', 1, 1, '2023-01-06 05:47:10'),
(1504, 254, 11, 1, 'Circle', 1, 1, '2023-01-06 05:47:11'),
(1505, 256, 11, 1, 'parabola', 1, 1, '2023-01-06 05:47:13'),
(1506, 259, 11, 1, 'parabola', 1, 2, '2023-01-06 05:47:13'),
(1507, 256, 11, 1, 'parabola', 1, 1, '2023-01-06 05:47:16'),
(1508, 254, 11, 1, 'ellipse', 1, 1, '2023-01-06 05:47:21'),
(1509, 279, 6, 1, 'parabola ', 1, 1, '2023-01-06 05:47:37'),
(1510, 279, 6, 1, 'circle', 1, 1, '2023-01-06 05:47:41'),
(1511, 267, 5, 1, 'hyperbola\r\n', 1, 1, '2023-01-06 05:54:28'),
(1512, 267, 5, 1, 'parabola', 1, 1, '2023-01-06 05:54:37'),
(1513, 267, 5, 1, 'circle', 1, 1, '2023-01-06 05:54:44'),
(1514, 267, 7, 1, 'ellipse', 1, 1, '2023-01-06 05:55:30'),
(1515, 267, 7, 1, 'ellipse', 1, 1, '2023-01-06 05:55:41'),
(1516, 267, 7, 1, 'hyperbola', 1, 1, '2023-01-06 05:55:48'),
(1517, 267, 7, 1, 'parabola ', 1, 1, '2023-01-06 05:55:54'),
(1518, 267, 7, 1, 'ellipse', 1, 1, '2023-01-06 05:56:00'),
(1519, 267, 8, 1, 'parabola', 1, 1, '2023-01-06 05:56:15'),
(1520, 267, 8, 1, 'hyperbola', 1, 1, '2023-01-06 05:56:20'),
(1521, 267, 8, 1, 'Circle', 1, 1, '2023-01-06 05:56:28'),
(1522, 267, 8, 1, 'hyperbola', 1, 1, '2023-01-06 05:56:46'),
(1523, 267, 8, 1, 'Circle', 1, 1, '2023-01-06 05:56:53'),
(1524, 267, 8, 1, 'parabola', 1, 1, '2023-01-06 05:57:01'),
(1525, 271, 3, 1, 'radius', 1, 1, '2023-01-06 05:57:21'),
(1526, 267, 10, 1, 'ellipse', 1, 1, '2023-01-06 05:57:24'),
(1527, 267, 10, 1, 'Circle', 1, 1, '2023-01-06 05:57:29'),
(1528, 265, 1, 1, 'radius', 1, 1, '2023-01-06 05:57:39'),
(1529, 271, 5, 1, 'circle', 1, 1, '2023-01-06 05:57:50'),
(1530, 269, 1, 1, 'radius', 1, 1, '2023-01-06 05:57:58'),
(1531, 265, 1, 1, 'circle', 1, 1, '2023-01-06 05:57:59'),
(1532, 271, 6, 1, 'circle', 1, 1, '2023-01-06 05:58:03'),
(1533, 269, 2, 1, 'radius', 1, 1, '2023-01-06 05:58:10'),
(1534, 265, 1, 1, 'radius', 1, 1, '2023-01-06 05:58:12'),
(1535, 270, 2, 1, 'conic section', 1, 1, '2023-01-06 05:58:23'),
(1536, 270, 2, 1, 'conic section', 1, 1, '2023-01-06 05:58:26'),
(1537, 271, 9, 1, 'ellipse', 1, 1, '2023-01-06 05:58:29'),
(1538, 271, 9, 1, 'hyperbola', 1, 1, '2023-01-06 05:58:34'),
(1539, 270, 2, 1, 'radius', 1, 1, '2023-01-06 05:58:37'),
(1540, 270, 2, 1, 'radius', 1, 1, '2023-01-06 05:58:37'),
(1541, 271, 9, 1, 'ellipse', 1, 1, '2023-01-06 05:58:39'),
(1542, 269, 4, 1, 'ellipse', 1, 1, '2023-01-06 05:58:40'),
(1543, 271, 9, 1, 'Circle', 1, 1, '2023-01-06 05:58:44'),
(1544, 265, 3, 1, 'radius', 1, 1, '2023-01-06 05:58:52'),
(1545, 266, 1, 1, 'circle', 1, 1, '2023-01-06 05:58:56'),
(1546, 269, 7, 1, 'hyperbola', 1, 1, '2023-01-06 05:58:58'),
(1547, 269, 7, 1, 'hyperbola', 1, 1, '2023-01-06 05:58:59'),
(1548, 271, 9, 1, 'ellipse', 1, 1, '2023-01-06 05:59:02'),
(1549, 269, 7, 1, 'parabola ', 1, 1, '2023-01-06 05:59:02'),
(1550, 266, 1, 1, 'radius', 1, 1, '2023-01-06 05:59:05'),
(1551, 266, 1, 1, 'radius', 1, 1, '2023-01-06 05:59:06'),
(1552, 269, 7, 1, 'ellipse', 1, 1, '2023-01-06 05:59:07'),
(1553, 271, 9, 1, 'Circle', 1, 1, '2023-01-06 05:59:11'),
(1554, 270, 3, 1, 'conic section', 1, 1, '2023-01-06 05:59:12'),
(1555, 271, 9, 1, 'hyperbola', 1, 1, '2023-01-06 05:59:15'),
(1556, 269, 8, 1, 'parabola', 1, 1, '2023-01-06 05:59:15'),
(1557, 265, 5, 1, 'hyperbola\r\n', 1, 1, '2023-01-06 05:59:16'),
(1558, 263, 2, 1, 'circle', 1, 1, '2023-01-06 05:59:17'),
(1559, 270, 3, 1, 'radius', 1, 1, '2023-01-06 05:59:18'),
(1560, 269, 8, 1, 'hyperbola', 1, 1, '2023-01-06 05:59:19'),
(1561, 266, 1, 1, 'circle', 1, 1, '2023-01-06 05:59:20'),
(1562, 266, 1, 1, 'circle', 1, 1, '2023-01-06 05:59:21'),
(1563, 266, 1, 1, 'circle', 1, 1, '2023-01-06 05:59:22'),
(1564, 266, 1, 1, 'circle', 1, 1, '2023-01-06 05:59:22'),
(1565, 266, 1, 1, 'circle', 1, 1, '2023-01-06 05:59:23'),
(1566, 266, 1, 1, 'circle', 1, 1, '2023-01-06 05:59:23'),
(1567, 266, 1, 1, 'circle', 1, 1, '2023-01-06 05:59:23'),
(1568, 266, 1, 1, 'circle', 1, 1, '2023-01-06 05:59:23'),
(1569, 266, 1, 1, 'circle', 1, 1, '2023-01-06 05:59:23'),
(1570, 266, 1, 1, 'circle', 1, 1, '2023-01-06 05:59:23'),
(1571, 266, 1, 1, 'circle', 1, 1, '2023-01-06 05:59:24'),
(1572, 266, 1, 1, 'circle', 1, 1, '2023-01-06 05:59:24'),
(1573, 270, 3, 1, 'conic section', 1, 1, '2023-01-06 05:59:26'),
(1574, 271, 10, 1, 'parabola', 1, 1, '2023-01-06 05:59:26'),
(1575, 265, 7, 1, 'parabola ', 1, 1, '2023-01-06 05:59:27'),
(1576, 265, 7, 1, 'parabola ', 1, 1, '2023-01-06 05:59:27'),
(1577, 270, 3, 1, 'conic section', 1, 1, '2023-01-06 05:59:30'),
(1578, 266, 1, 1, 'radius', 1, 1, '2023-01-06 05:59:32'),
(1579, 271, 11, 1, 'Circle', 1, 1, '2023-01-06 05:59:33'),
(1580, 265, 7, 1, 'ellipse', 1, 1, '2023-01-06 05:59:33'),
(1581, 266, 1, 1, 'radius', 1, 1, '2023-01-06 05:59:33'),
(1582, 269, 11, 1, 'ellipse', 1, 1, '2023-01-06 05:59:34'),
(1583, 271, 11, 1, 'ellipse', 1, 1, '2023-01-06 05:59:36'),
(1584, 265, 7, 1, 'hyperbola', 1, 1, '2023-01-06 05:59:37'),
(1585, 269, 11, 1, 'Circle', 1, 1, '2023-01-06 05:59:37'),
(1586, 265, 7, 1, 'ellipse', 1, 1, '2023-01-06 05:59:39'),
(1587, 266, 1, 1, 'locus', 1, 1, '2023-01-06 05:59:42'),
(1588, 270, 4, 1, 'circle', 1, 1, '2023-01-06 05:59:45'),
(1589, 270, 4, 1, 'ellipse', 1, 1, '2023-01-06 05:59:53'),
(1590, 265, 11, 1, 'Circle', 1, 1, '2023-01-06 06:00:06'),
(1591, 266, 2, 1, 'circle', 1, 1, '2023-01-06 06:00:07'),
(1592, 266, 2, 1, 'circle', 1, 1, '2023-01-06 06:00:07'),
(1593, 265, 11, 1, 'ellipse', 1, 1, '2023-01-06 06:00:09'),
(1594, 265, 11, 1, 'parabola', 1, 1, '2023-01-06 06:00:13'),
(1595, 266, 2, 1, 'conic section', 1, 1, '2023-01-06 06:00:16'),
(1596, 266, 2, 1, 'radius', 1, 1, '2023-01-06 06:00:20'),
(1597, 266, 2, 1, 'radius', 1, 1, '2023-01-06 06:00:21'),
(1598, 266, 2, 1, 'circle', 1, 1, '2023-01-06 06:00:22'),
(1599, 266, 2, 1, 'conic section', 1, 1, '2023-01-06 06:00:26'),
(1600, 266, 2, 1, 'conic section', 1, 1, '2023-01-06 06:00:28'),
(1601, 266, 2, 1, 'circle', 1, 1, '2023-01-06 06:00:31'),
(1602, 266, 2, 1, 'circle', 1, 1, '2023-01-06 06:00:32'),
(1603, 270, 5, 1, 'circle', 1, 1, '2023-01-06 06:00:33'),
(1604, 266, 2, 1, 'radius', 1, 1, '2023-01-06 06:00:35'),
(1605, 279, 10, 1, 'ellipse', 1, 1, '2023-01-06 06:00:38'),
(1606, 279, 10, 1, 'ellipse', 1, 1, '2023-01-06 06:00:38'),
(1607, 279, 10, 1, 'ellipse', 1, 1, '2023-01-06 06:00:38'),
(1608, 266, 2, 1, 'conic section', 1, 1, '2023-01-06 06:00:43'),
(1609, 266, 2, 1, 'conic section', 1, 1, '2023-01-06 06:00:45'),
(1610, 266, 2, 1, 'conic section', 1, 1, '2023-01-06 06:00:46'),
(1611, 270, 5, 1, 'circle', 1, 1, '2023-01-06 06:00:46'),
(1612, 270, 5, 1, 'circle', 1, 1, '2023-01-06 06:00:49'),
(1613, 270, 5, 1, 'hyperbola\r\n', 1, 1, '2023-01-06 06:00:58'),
(1614, 270, 5, 1, 'circle', 1, 1, '2023-01-06 06:01:03'),
(1615, 266, 2, 1, 'radius', 1, 1, '2023-01-06 06:01:44'),
(1616, 266, 2, 1, 'radius', 1, 1, '2023-01-06 06:01:45'),
(1617, 270, 6, 1, 'ellipse', 1, 1, '2023-01-06 06:01:53'),
(1618, 270, 6, 1, 'parabola ', 1, 1, '2023-01-06 06:02:02'),
(1619, 270, 6, 1, 'circle', 1, 1, '2023-01-06 06:02:12'),
(1620, 270, 6, 1, 'circle', 1, 1, '2023-01-06 06:02:12'),
(1621, 270, 6, 1, 'parabola ', 1, 1, '2023-01-06 06:02:21'),
(1622, 270, 8, 1, 'parabola', 1, 1, '2023-01-06 06:02:51'),
(1623, 270, 8, 1, 'Circle', 1, 1, '2023-01-06 06:03:03'),
(1624, 270, 8, 1, 'parabola', 1, 1, '2023-01-06 06:03:11'),
(1625, 270, 8, 1, 'hyperbola', 1, 1, '2023-01-06 06:03:17'),
(1626, 266, 3, 1, 'radius', 1, 1, '2023-01-06 06:03:25'),
(1627, 266, 3, 1, 'locus', 1, 1, '2023-01-06 06:03:29'),
(1628, 266, 3, 1, 'locus', 1, 1, '2023-01-06 06:03:33'),
(1629, 266, 3, 1, 'locus', 1, 1, '2023-01-06 06:03:35'),
(1630, 266, 3, 1, 'radius', 1, 1, '2023-01-06 06:03:40'),
(1631, 263, 7, 1, 'parabola ', 1, 2, '2023-01-06 06:03:42'),
(1632, 266, 3, 1, 'conic section', 1, 1, '2023-01-06 06:03:43'),
(1633, 266, 3, 1, 'conic section', 1, 1, '2023-01-06 06:03:45'),
(1634, 270, 8, 1, 'hyperbola', 1, 1, '2023-01-06 06:03:47'),
(1635, 263, 7, 1, 'parabola ', 1, 2, '2023-01-06 06:03:49'),
(1636, 266, 4, 1, 'ellipse', 1, 1, '2023-01-06 06:03:55'),
(1637, 263, 7, 1, 'hyperbola', 1, 2, '2023-01-06 06:03:58'),
(1638, 263, 8, 1, 'parabola', 1, 2, '2023-01-06 06:04:16'),
(1639, 266, 6, 1, 'ellipse', 1, 1, '2023-01-06 06:04:16'),
(1640, 266, 6, 1, 'ellipse', 1, 1, '2023-01-06 06:04:19'),
(1641, 270, 9, 1, 'Circle', 1, 1, '2023-01-06 06:04:19'),
(1642, 266, 7, 1, 'parabola ', 1, 1, '2023-01-06 06:04:32'),
(1643, 263, 9, 1, 'hyperbola', 1, 2, '2023-01-06 06:04:34'),
(1644, 266, 7, 1, 'parabola ', 1, 1, '2023-01-06 06:04:35'),
(1645, 270, 11, 1, 'parabola', 1, 1, '2023-01-06 06:04:35'),
(1646, 270, 11, 1, 'ellipse', 1, 1, '2023-01-06 06:04:39'),
(1647, 270, 11, 1, 'Circle', 1, 1, '2023-01-06 06:04:44'),
(1648, 266, 8, 1, 'parabola', 1, 1, '2023-01-06 06:04:46'),
(1649, 266, 8, 1, 'parabola', 1, 1, '2023-01-06 06:04:49'),
(1650, 270, 11, 1, 'parabola', 1, 1, '2023-01-06 06:04:52'),
(1651, 266, 8, 1, 'hyperbola', 1, 1, '2023-01-06 06:04:52'),
(1652, 266, 8, 1, 'hyperbola', 1, 1, '2023-01-06 06:04:53'),
(1653, 266, 8, 1, 'Circle', 1, 1, '2023-01-06 06:04:55'),
(1654, 270, 11, 1, 'ellipse', 1, 1, '2023-01-06 06:04:57'),
(1655, 266, 8, 1, 'parabola', 1, 1, '2023-01-06 06:04:59'),
(1656, 263, 11, 1, 'Circle', 1, 2, '2023-01-06 06:05:01'),
(1657, 266, 8, 1, 'parabola', 1, 1, '2023-01-06 06:05:01'),
(1658, 266, 9, 1, 'ellipse', 1, 1, '2023-01-06 06:05:09'),
(1659, 266, 9, 1, 'Circle', 1, 1, '2023-01-06 06:05:16'),
(1660, 266, 9, 1, 'Circle', 1, 1, '2023-01-06 06:05:21'),
(1661, 266, 9, 1, 'ellipse', 1, 1, '2023-01-06 06:05:25'),
(1662, 266, 9, 1, 'ellipse', 1, 1, '2023-01-06 06:05:31'),
(1663, 264, 4, 1, 'ellipse', 1, 1, '2023-01-06 06:05:34'),
(1664, 266, 9, 1, 'ellipse', 1, 1, '2023-01-06 06:05:35');
INSERT INTO `exam_mistakes` (`mistake_id`, `student_id`, `examitem_id`, `exam_id`, `answer_input`, `mistakes`, `exam_attempt`, `examistakes_date`) VALUES
(1665, 266, 9, 1, 'ellipse', 1, 1, '2023-01-06 06:05:39'),
(1666, 266, 9, 1, 'ellipse', 1, 1, '2023-01-06 06:05:42'),
(1667, 264, 4, 1, 'circle', 1, 1, '2023-01-06 06:05:44'),
(1668, 266, 9, 1, 'hyperbola', 1, 1, '2023-01-06 06:05:46'),
(1669, 266, 9, 1, 'Circle', 1, 1, '2023-01-06 06:05:49'),
(1670, 264, 4, 1, 'ellipse', 1, 1, '2023-01-06 06:05:52'),
(1671, 266, 9, 1, 'ellipse', 1, 1, '2023-01-06 06:05:54'),
(1672, 266, 10, 1, 'ellipse', 1, 1, '2023-01-06 06:06:03'),
(1673, 264, 5, 1, 'hyperbola\r\n', 1, 1, '2023-01-06 06:06:09'),
(1674, 266, 11, 1, 'ellipse', 1, 1, '2023-01-06 06:06:14'),
(1675, 264, 6, 1, 'parabola ', 1, 1, '2023-01-06 06:06:28'),
(1676, 264, 9, 1, 'Circle', 1, 1, '2023-01-06 06:07:26'),
(1677, 261, 1, 1, 'locus', 1, 1, '2023-01-06 06:07:50'),
(1678, 264, 10, 1, 'parabola', 1, 1, '2023-01-06 06:07:56'),
(1679, 261, 3, 1, 'conic section', 1, 1, '2023-01-06 06:08:08'),
(1680, 261, 3, 1, 'radius', 1, 1, '2023-01-06 06:08:13'),
(1681, 261, 6, 1, 'circle', 1, 1, '2023-01-06 06:08:34'),
(1682, 261, 7, 1, 'parabola ', 1, 1, '2023-01-06 06:08:48'),
(1683, 261, 8, 1, 'parabola', 1, 1, '2023-01-06 06:08:57'),
(1684, 261, 10, 1, 'Circle', 1, 1, '2023-01-06 06:09:08'),
(1685, 261, 11, 1, 'ellipse', 1, 1, '2023-01-06 06:09:17'),
(1686, 261, 11, 1, 'Circle', 1, 1, '2023-01-06 06:09:20');

-- --------------------------------------------------------

--
-- Table structure for table `exam_results`
--

CREATE TABLE `exam_results` (
  `examresult_id` int(11) NOT NULL,
  `student_id` int(11) NOT NULL,
  `exam_id` int(11) NOT NULL,
  `total_mistakes` int(255) NOT NULL,
  `total_hintUsed` int(255) NOT NULL,
  `Student_Score` int(255) NOT NULL,
  `is_passed` int(100) NOT NULL,
  `exam_attempt` int(100) NOT NULL,
  `result_date` timestamp NOT NULL DEFAULT current_timestamp() ON UPDATE current_timestamp()
) ENGINE=InnoDB DEFAULT CHARSET=utf8mb4;

--
-- Dumping data for table `exam_results`
--

INSERT INTO `exam_results` (`examresult_id`, `student_id`, `exam_id`, `total_mistakes`, `total_hintUsed`, `Student_Score`, `is_passed`, `exam_attempt`, `result_date`) VALUES
(26, 232, 1, 33, 4, 83, 1, 1, '2022-12-13 04:15:08'),
(27, 230, 1, 16, 2, 94, 1, 1, '2022-12-13 04:15:08'),
(28, 236, 1, 55, 1, 63, 0, 1, '2022-12-13 04:15:08'),
(29, 238, 1, 39, 0, 77, 0, 1, '2022-12-13 04:15:08'),
(30, 237, 1, 39, 3, 88, 1, 1, '2022-12-13 04:15:08'),
(31, 229, 1, 82, 3, 84, 1, 1, '2022-12-13 04:15:08'),
(32, 234, 1, 17, 0, 96, 1, 1, '2022-12-13 04:15:08'),
(33, 235, 1, 31, 1, 95, 1, 1, '2022-12-13 04:15:08'),
(34, 233, 1, 13, 2, 97, 1, 1, '2022-12-13 04:15:08'),
(35, 231, 1, 23, 2, 91, 1, 1, '2022-12-13 04:15:08'),
(36, 239, 1, 19, 0, 91, 1, 1, '2022-12-13 04:15:08'),
(37, 241, 1, 17, 0, 98, 1, 1, '2022-12-13 04:15:08'),
(38, 240, 1, 18, 0, 92, 1, 1, '2022-12-13 04:15:08'),
(41, 242, 1, 28, 1, 109, 1, 1, '2022-12-15 06:34:17'),
(42, 243, 1, 13, 0, 98, 1, 1, '2022-12-15 06:36:39'),
(43, 228, 1, 40, 0, 132, 1, 1, '2022-12-15 07:18:46'),
(44, 244, 1, 18, 1, 93, 1, 1, '2022-12-15 08:02:28'),
(45, 246, 1, 19, 1, 94, 1, 1, '2022-12-15 08:50:24'),
(46, 247, 1, 28, 0, 93, 1, 1, '2022-12-15 08:50:54'),
(48, 2, 1, 20, 1, 101, 1, 1, '2023-01-05 15:28:09'),
(49, 278, 1, 34, 1, 78, 0, 1, '2023-01-06 02:46:23'),
(50, 248, 1, 15, 2, 97, 1, 1, '2023-01-06 04:23:05'),
(51, 249, 1, 22, 2, 89, 1, 1, '2023-01-06 04:24:29'),
(52, 252, 1, 15, 0, 95, 1, 1, '2023-01-06 05:41:27'),
(53, 250, 1, 7, 0, 103, 1, 1, '2023-01-06 05:43:06'),
(54, 258, 1, 27, 0, 134, 1, 1, '2023-01-06 05:46:58'),
(55, 259, 1, 14, 1, 126, 1, 2, '2023-01-06 05:47:19'),
(56, 256, 1, 19, 2, 91, 1, 1, '2023-01-06 05:47:22'),
(57, 254, 1, 26, 0, 108, 1, 1, '2023-01-06 05:47:39'),
(58, 267, 1, 16, 1, 95, 1, 1, '2023-01-06 05:57:55'),
(59, 271, 1, 13, 0, 99, 1, 1, '2023-01-06 05:59:42'),
(60, 269, 1, 11, 0, 109, 1, 1, '2023-01-06 05:59:47'),
(61, 265, 1, 13, 1, 97, 1, 1, '2023-01-06 06:00:16'),
(62, 279, 1, 16, 0, 125, 1, 1, '2023-01-06 06:01:06'),
(63, 270, 1, 31, 3, 79, 0, 1, '2023-01-06 06:05:03'),
(64, 263, 1, 6, 0, 104, 1, 2, '2023-01-06 06:05:11'),
(65, 266, 1, 66, 0, 114, 1, 1, '2023-01-06 06:06:23'),
(66, 264, 1, 7, 0, 113, 1, 1, '2023-01-06 06:08:25'),
(67, 261, 1, 9, 0, 101, 1, 1, '2023-01-06 06:09:24');

-- --------------------------------------------------------

--
-- Table structure for table `items`
--

CREATE TABLE `items` (
  `itemId` int(11) NOT NULL,
  `questions` varchar(45) DEFAULT NULL,
  `answerKey` varchar(45) DEFAULT NULL,
  `moduleID` int(11) NOT NULL,
  `assignmentID` int(11) NOT NULL
) ENGINE=InnoDB DEFAULT CHARSET=utf8;

-- --------------------------------------------------------

--
-- Table structure for table `lesson`
--

CREATE TABLE `lesson` (
  `lesson_id` int(11) NOT NULL,
  `lesson_name` varchar(250) NOT NULL,
  `lesson_desc` varchar(250) NOT NULL,
  `user_id` int(11) NOT NULL,
  `isView` varchar(55) NOT NULL,
  `lesson_added` datetime NOT NULL
) ENGINE=InnoDB DEFAULT CHARSET=utf8mb4;

--
-- Dumping data for table `lesson`
--

INSERT INTO `lesson` (`lesson_id`, `lesson_name`, `lesson_desc`, `user_id`, `isView`, `lesson_added`) VALUES
(1, 'Lesson 1', ' Introduction of Conic Sections and the Circle', 0, '', '0000-00-00 00:00:00'),
(2, 'Lesson 2', 'The Parabola', 0, '', '2022-11-05 01:23:51'),
(3, 'Lesson 3', 'The Ellipse', 0, '', '2022-12-06 22:22:34'),
(4, 'Lesson 4', 'The Hyperbola', 0, '', '2022-12-06 22:24:31');

-- --------------------------------------------------------

--
-- Table structure for table `lessons`
--

CREATE TABLE `lessons` (
  `lessonID` int(11) NOT NULL,
  `lessonName` varchar(45) DEFAULT NULL,
  `lessonvideo` blob DEFAULT NULL,
  `status` varchar(45) DEFAULT NULL,
  `moduleID` int(11) NOT NULL
) ENGINE=InnoDB DEFAULT CHARSET=utf8;

-- --------------------------------------------------------

--
-- Table structure for table `lesson_view`
--

CREATE TABLE `lesson_view` (
  `lesson_view_id` int(11) NOT NULL,
  `user_id` int(11) NOT NULL,
  `lesson_id` int(11) NOT NULL,
  `isView` int(255) NOT NULL,
  `log_time` timestamp NOT NULL DEFAULT current_timestamp() ON UPDATE current_timestamp()
) ENGINE=InnoDB DEFAULT CHARSET=utf8mb4;

--
-- Dumping data for table `lesson_view`
--

INSERT INTO `lesson_view` (`lesson_view_id`, `user_id`, `lesson_id`, `isView`, `log_time`) VALUES
(15, 242, 1, 1, '2022-12-15 06:25:54'),
(16, 243, 1, 1, '2022-12-15 06:26:41'),
(17, 228, 1, 1, '2022-12-15 07:11:08'),
(18, 244, 1, 1, '2022-12-15 07:53:51'),
(19, 244, 1, 1, '2022-12-15 07:56:00'),
(20, 246, 1, 1, '2022-12-15 08:39:37'),
(21, 247, 1, 1, '2022-12-15 08:40:27'),
(22, 245, 1, 1, '2022-12-15 08:40:51'),
(24, 2, 1, 1, '2023-01-05 15:26:14'),
(25, 2, 1, 1, '2023-01-05 17:19:44'),
(26, 278, 1, 1, '2023-01-06 02:40:38'),
(27, 278, 1, 1, '2023-01-06 02:40:52'),
(28, 278, 2, 1, '2023-01-06 02:41:46'),
(29, 249, 1, 1, '2023-01-06 04:16:08'),
(30, 248, 1, 1, '2023-01-06 04:16:14'),
(31, 248, 1, 1, '2023-01-06 04:17:03'),
(32, 252, 1, 1, '2023-01-06 05:35:21'),
(33, 258, 1, 1, '2023-01-06 05:36:10'),
(34, 250, 1, 1, '2023-01-06 05:36:59'),
(35, 258, 2, 1, '2023-01-06 05:37:14'),
(36, 259, 1, 1, '2023-01-06 05:37:22'),
(37, 258, 3, 1, '2023-01-06 05:37:33'),
(38, 253, 1, 1, '2023-01-06 05:37:47'),
(39, 255, 1, 1, '2023-01-06 05:37:52'),
(40, 258, 4, 1, '2023-01-06 05:38:00'),
(41, 256, 1, 1, '2023-01-06 05:38:07'),
(42, 256, 1, 1, '2023-01-06 05:38:22'),
(43, 253, 2, 1, '2023-01-06 05:38:33'),
(44, 254, 1, 1, '2023-01-06 05:40:04'),
(45, 254, 2, 1, '2023-01-06 05:40:26'),
(46, 254, 3, 1, '2023-01-06 05:40:56'),
(47, 254, 4, 1, '2023-01-06 05:41:05'),
(48, 279, 1, 1, '2023-01-06 05:41:07'),
(49, 259, 1, 1, '2023-01-06 05:41:14'),
(50, 272, 1, 1, '2023-01-06 05:41:37'),
(51, 272, 1, 1, '2023-01-06 05:42:00'),
(52, 279, 1, 1, '2023-01-06 05:43:42'),
(53, 255, 1, 1, '2023-01-06 05:44:41'),
(54, 253, 3, 1, '2023-01-06 05:44:41'),
(55, 253, 4, 1, '2023-01-06 05:45:02'),
(56, 255, 2, 1, '2023-01-06 05:45:11'),
(57, 267, 1, 1, '2023-01-06 05:46:06'),
(58, 271, 1, 1, '2023-01-06 05:55:35'),
(59, 269, 1, 1, '2023-01-06 05:55:42'),
(60, 265, 1, 1, '2023-01-06 05:57:10'),
(61, 270, 1, 1, '2023-01-06 05:57:29'),
(62, 263, 1, 1, '2023-01-06 05:57:30'),
(63, 266, 1, 1, '2023-01-06 05:58:29'),
(64, 264, 1, 1, '2023-01-06 06:03:53'),
(65, 261, 1, 1, '2023-01-06 06:07:12');

-- --------------------------------------------------------

--
-- Table structure for table `logs`
--

CREATE TABLE `logs` (
  `log_id` int(11) NOT NULL,
  `user_id` int(11) NOT NULL,
  `log_name` varchar(100) NOT NULL,
  `datetime` timestamp NOT NULL DEFAULT current_timestamp()
) ENGINE=InnoDB DEFAULT CHARSET=utf8mb4;

--
-- Dumping data for table `logs`
--

INSERT INTO `logs` (`log_id`, `user_id`, `log_name`, `datetime`) VALUES
(98, 74, 'logout', '2022-12-14 07:08:12'),
(99, 74, 'login', '2022-12-14 07:09:53'),
(100, 74, 'logout', '2022-12-14 07:09:58'),
(101, 74, 'login', '2022-12-14 07:22:20'),
(102, 74, 'login', '2022-12-14 07:49:38'),
(103, 74, 'logout', '2022-12-14 07:54:37'),
(104, 2, 'login', '2022-12-14 07:54:54'),
(105, 2, 'logout', '2022-12-14 08:14:02'),
(106, 74, 'login', '2022-12-14 08:14:52'),
(107, 74, 'logout', '2022-12-14 08:42:54'),
(108, 74, 'login', '2022-12-14 08:43:13'),
(109, 74, 'logout', '2022-12-14 08:45:36'),
(110, 74, 'login', '2022-12-14 08:45:39'),
(111, 74, 'login', '2022-12-14 15:04:22'),
(112, 74, 'logout', '2022-12-14 15:51:53'),
(113, 74, 'login', '2022-12-14 15:51:56'),
(114, 74, 'logout', '2022-12-14 16:14:18'),
(115, 74, 'login', '2022-12-14 16:24:26'),
(116, 74, 'logout', '2022-12-14 16:25:33'),
(117, 74, 'login', '2022-12-14 16:25:36'),
(118, 74, 'logout', '2022-12-14 16:31:15'),
(119, 74, 'login', '2022-12-14 16:31:20'),
(120, 74, 'logout', '2022-12-14 16:31:45'),
(121, 74, 'login', '2022-12-14 16:31:48'),
(122, 74, 'logout', '2022-12-14 16:36:41'),
(123, 74, 'login', '2022-12-14 16:36:44'),
(124, 74, 'login', '2022-12-14 16:46:00'),
(125, 74, 'login', '2022-12-14 16:54:34'),
(126, 74, 'logout', '2022-12-14 16:58:40'),
(127, 74, 'login', '2022-12-14 16:58:42'),
(128, 74, 'logout', '2022-12-14 16:59:53'),
(129, 74, 'login', '2022-12-14 16:59:56'),
(130, 74, 'logout', '2022-12-14 17:03:26'),
(131, 74, 'login', '2022-12-14 17:03:30'),
(132, 74, 'logout', '2022-12-14 17:04:13'),
(133, 74, 'login', '2022-12-14 17:04:22'),
(134, 74, 'login', '2022-12-14 17:04:37'),
(135, 74, 'login', '2022-12-14 17:04:59'),
(136, 0, 'logout', '2022-12-14 18:33:46'),
(137, 74, 'login', '2022-12-14 18:33:49'),
(138, 74, 'logout', '2022-12-14 18:36:27'),
(139, 74, 'login', '2022-12-14 18:36:35'),
(140, 74, 'logout', '2022-12-14 18:45:52'),
(141, 74, 'login', '2022-12-14 18:45:55'),
(142, 74, 'logout', '2022-12-14 19:48:02'),
(143, 74, 'login', '2022-12-14 19:48:13'),
(144, 74, 'logout', '2022-12-14 20:30:17'),
(145, 74, 'login', '2022-12-14 20:30:49'),
(146, 74, 'logout', '2022-12-14 20:36:45'),
(147, 74, 'login', '2022-12-15 05:52:44'),
(148, 242, 'login', '2022-12-15 06:24:51'),
(149, 243, 'login', '2022-12-15 06:25:01'),
(150, 243, 'logout', '2022-12-15 06:48:59'),
(151, 242, 'logout', '2022-12-15 07:03:13'),
(152, 228, 'login', '2022-12-15 07:10:09'),
(153, 244, 'login', '2022-12-15 07:51:07'),
(154, 244, 'logout', '2022-12-15 08:18:10'),
(155, 246, 'login', '2022-12-15 08:38:56'),
(156, 247, 'login', '2022-12-15 08:39:20'),
(157, 245, 'login', '2022-12-15 08:39:23'),
(158, 74, 'login', '2022-12-16 05:29:44'),
(159, 74, 'logout', '2022-12-16 05:33:52'),
(160, 74, 'login', '2022-12-16 05:35:03'),
(161, 74, 'logout', '2022-12-16 05:59:13'),
(162, 74, 'login', '2022-12-16 06:00:27'),
(163, 74, 'logout', '2022-12-16 06:09:30'),
(164, 2, 'logout', '2023-01-05 17:21:31'),
(165, 2, 'login', '2023-01-05 17:25:08'),
(166, 2, 'login', '2023-01-05 17:25:41'),
(167, 2, 'logout', '2023-01-05 17:29:22'),
(168, 1, 'login', '2023-01-05 17:30:03'),
(169, 1, 'logout', '2023-01-05 17:43:45'),
(170, 2, 'login', '2023-01-05 17:43:58'),
(171, 2, 'logout', '2023-01-05 18:27:28'),
(172, 1, 'login', '2023-01-05 18:27:43'),
(173, 1, 'logout', '2023-01-06 02:39:00'),
(174, 0, 'add-user', '2023-01-06 02:39:25'),
(175, 2, 'login', '2023-01-06 02:39:31'),
(176, 278, 'login', '2023-01-06 02:39:38'),
(177, 278, 'logout', '2023-01-06 02:47:45'),
(178, 1, 'login', '2023-01-06 04:02:47'),
(179, 1, 'logout', '2023-01-06 04:05:39'),
(180, 249, 'login', '2023-01-06 04:14:36'),
(181, 248, 'login', '2023-01-06 04:14:49'),
(182, 249, 'logout', '2023-01-06 04:26:41'),
(183, 248, 'logout', '2023-01-06 04:26:43'),
(184, 252, 'login', '2023-01-06 05:33:10'),
(185, 254, 'login', '2023-01-06 05:35:04'),
(186, 258, 'login', '2023-01-06 05:35:16'),
(187, 250, 'login', '2023-01-06 05:35:30'),
(188, 253, 'login', '2023-01-06 05:36:42'),
(189, 259, 'login', '2023-01-06 05:36:47'),
(190, 255, 'login', '2023-01-06 05:36:57'),
(191, 256, 'login', '2023-01-06 05:37:06'),
(192, 256, 'login', '2023-01-06 05:37:50'),
(193, 0, 'add-user', '2023-01-06 05:38:54'),
(194, 279, 'login', '2023-01-06 05:39:10'),
(195, 272, 'login', '2023-01-06 05:40:30'),
(196, 256, 'login', '2023-01-06 05:41:42'),
(197, 250, 'logout', '2023-01-06 05:44:05'),
(198, 267, 'login', '2023-01-06 05:45:22'),
(199, 258, 'logout', '2023-01-06 05:47:20'),
(200, 272, 'logout', '2023-01-06 05:47:31'),
(201, 271, 'login', '2023-01-06 05:54:31'),
(202, 269, 'login', '2023-01-06 05:54:38'),
(203, 270, 'login', '2023-01-06 05:56:10'),
(204, 263, 'login', '2023-01-06 05:56:16'),
(205, 265, 'login', '2023-01-06 05:56:42'),
(206, 266, 'login', '2023-01-06 05:57:06'),
(207, 267, 'logout', '2023-01-06 05:58:20'),
(208, 269, 'logout', '2023-01-06 06:00:16'),
(209, 265, 'logout', '2023-01-06 06:00:47'),
(210, 263, 'login', '2023-01-06 06:01:52'),
(211, 264, 'login', '2023-01-06 06:02:30'),
(212, 270, 'logout', '2023-01-06 06:05:14'),
(213, 261, 'login', '2023-01-06 06:06:55'),
(214, 263, 'logout', '2023-01-07 06:32:34');

-- --------------------------------------------------------

--
-- Table structure for table `module`
--

CREATE TABLE `module` (
  `module_id` int(11) NOT NULL,
  `module_name` varchar(250) NOT NULL,
  `module_desc` varchar(250) NOT NULL,
  `module_added` datetime NOT NULL
) ENGINE=InnoDB DEFAULT CHARSET=utf8mb4;

--
-- Dumping data for table `module`
--

INSERT INTO `module` (`module_id`, `module_name`, `module_desc`, `module_added`) VALUES
(5, 'MODULE 1', 'ANALYTIC GEOMETRY', '0000-00-00 00:00:00');

-- --------------------------------------------------------

--
-- Table structure for table `modules`
--

CREATE TABLE `modules` (
  `module_id` int(11) NOT NULL,
  `module_name` varchar(45) DEFAULT NULL,
  `module_added` varchar(255) DEFAULT NULL,
  `user_id` int(11) NOT NULL
) ENGINE=InnoDB DEFAULT CHARSET=utf8;

-- --------------------------------------------------------

--
-- Table structure for table `progress`
--

CREATE TABLE `progress` (
  `progressID` int(11) NOT NULL,
  `Description` int(11) DEFAULT NULL,
  `scoreInfo` int(11) DEFAULT NULL
) ENGINE=InnoDB DEFAULT CHARSET=utf8;

-- --------------------------------------------------------

--
-- Table structure for table `role`
--

CREATE TABLE `role` (
  `role_id` int(11) NOT NULL,
  `role_name` varchar(55) NOT NULL
) ENGINE=InnoDB DEFAULT CHARSET=utf8mb4;

--
-- Dumping data for table `role`
--

INSERT INTO `role` (`role_id`, `role_name`) VALUES
(1, 'superadmin'),
(2, 'admin'),
(3, 'student'),
(4, 'teacher');

-- --------------------------------------------------------

--
-- Table structure for table `student`
--

CREATE TABLE `student` (
  `studentID` int(11) NOT NULL,
  `firstname` varchar(45) DEFAULT NULL,
  `lastname` varchar(45) DEFAULT NULL,
  `middlename` varchar(45) DEFAULT NULL,
  `age` int(11) DEFAULT NULL,
  `gender` varchar(45) DEFAULT NULL,
  `birthdate` date DEFAULT NULL
) ENGINE=InnoDB DEFAULT CHARSET=utf8;

-- --------------------------------------------------------

--
-- Table structure for table `transaction`
--

CREATE TABLE `transaction` (
  `transactionID` int(11) NOT NULL,
  `startdate` date DEFAULT NULL,
  `studentID` int(11) NOT NULL,
  `moduleID` int(11) NOT NULL
) ENGINE=InnoDB DEFAULT CHARSET=utf8;

-- --------------------------------------------------------

--
-- Table structure for table `users`
--

CREATE TABLE `users` (
  `user_id` int(55) NOT NULL,
  `profile_pic` varchar(200) NOT NULL,
  `firstname` varchar(250) NOT NULL,
  `lastname` varchar(250) NOT NULL,
  `age` varchar(50) NOT NULL,
  `gender` varchar(50) NOT NULL,
  `address` varchar(50) NOT NULL,
  `email_add` varchar(50) NOT NULL,
  `username` varchar(250) NOT NULL,
  `password` varchar(250) NOT NULL,
  `course_id` int(11) NOT NULL,
  `role_id` int(55) NOT NULL,
  `added_at` datetime NOT NULL
) ENGINE=InnoDB DEFAULT CHARSET=utf8mb4;

--
-- Dumping data for table `users`
--

INSERT INTO `users` (`user_id`, `profile_pic`, `firstname`, `lastname`, `age`, `gender`, `address`, `email_add`, `username`, `password`, `course_id`, `role_id`, `added_at`) VALUES
(1, '', 'Admin', 'Admin', '25', 'Male', 'Digos City', 'admin@gmail.com', 'admin@gmail.com', '$2y$10$627KTYhahPQq9al9sbgQDuJaeRiROt.rDoWPV1nqwYjsxZNHNlr4W', 3, 4, '2022-11-22 09:18:43'),
(2, '', 'User', 'User', '25', 'Male', 'Digos City', 'user@gmail.com', 'user@gmail.com', '$2y$10$aoF3GO5Wyf6qLSG8MhbDaO4hjb8VID9A9NEnfqr6gvxaqJHA3jrwO', 3, 3, '2022-11-22 09:20:09'),
(3, '', 'Superadmin', 'Superadmin', '25', 'Male', 'Digos City', 'superadmin@gmail.com', 'superadmin@gmail.com', '$2y$10$9cKb.z/gAsSZwlK10oSX1OPQsNE1HtkJYouQouw0CaJ4pc6wL6WI.', 3, 1, '2022-11-22 09:21:26'),
(228, '', 'Student1', 'Student1', '', '', '', 'student1@gmail.com', 'student1@gmail.com', '$2y$10$olgNpbBRnpCB/B8.20jfOeVmgCacA50gns5sS0aFeB7OrUSMNDSrC', 3, 3, '0000-00-00 00:00:00'),
(229, '', 'Student2', 'Student2', '', '', '', 'student2@gmail.com', 'student2@gmail.com', '$2y$10$CNDzlgIpbHH.j2U.trUx3uFM0oyUswHwpMbAx.5bJBxSfz7weNnUe', 3, 3, '0000-00-00 00:00:00'),
(230, '', 'Student3', 'Student3', '', '', '', 'student3@gmail.com', 'student3@gmail.com', '$2y$10$kiyhk2POoazjZGWYFDGVA.v1Rr1RAwQN1A5lGJ7cQaOZQPC80kdtS', 3, 3, '0000-00-00 00:00:00'),
(231, '', 'Student4', 'Student4', '', '', '', 'student4@gmail.com', 'student4@gmail.com', '$2y$10$dZkth4GY2N/vZMJHplEhbuLj1xEXsOxeHb7pVOMjmf/FOyq5djcWO', 3, 3, '0000-00-00 00:00:00'),
(232, '', 'Student5', 'Student5', '', '', '', 'student5@gmail.com', 'student5@gmail.com', '$2y$10$deo9briomDFSlT0RVcmn3.4kNGYk9unUX99mW53euQROwgR.WGLZy', 3, 3, '0000-00-00 00:00:00'),
(233, '', 'Student6', 'Student6', '', '', '', 'student6@gmail.com', 'student6@gmail.com', '$2y$10$dS1EbKgSj5V3x8xjZs.qEO.l0LPtG.0cyLxKrTyetAFhtOFxdoCBO', 3, 3, '0000-00-00 00:00:00'),
(234, '', 'Student7', 'Student7', '', '', '', 'student7@gmail.com', 'student7@gmail.com', '$2y$10$IyaiLlrrzhEX/sit32H3V.15sfjJATH2Nu0fwDSjCQzfZghPKnVSG', 3, 3, '0000-00-00 00:00:00'),
(235, '', 'Student8', 'Student8', '', '', '', 'student8@gmail.com', 'student8@gmail.com', '$2y$10$GxoG1gHrVbkAep7Vg24cYeTbjh46W/z0Fj1sE4hTOcRZl3AVnsj6a', 3, 3, '0000-00-00 00:00:00'),
(236, '', 'Student9', 'Student9', '', '', '', 'student9@gmail.com', 'student9@gmail.com', '$2y$10$eGkagDXJWHD51j1fOqD7Led1OmT8sRhmMAopgdk/FtNH1MrK/vxvq', 3, 3, '0000-00-00 00:00:00'),
(237, '', 'Student10', 'Student10', '', '', '', 'student10@gmail.com', 'student10@gmail.com', '$2y$10$ICQCcFDCvDGhCdzHYMnT6uPbJUtm5dUNculxfESxFSvwBHFI8uLzO', 3, 3, '0000-00-00 00:00:00'),
(238, '', 'Student11', 'Student11', '', '', '', 'student11@gmail.com', 'student11@gmail.com', '$2y$10$vpxEN7Mv941aws1Msb/GBubLnZgO60Gy/Hs9le4m2/urZ0bkaLVam', 3, 3, '0000-00-00 00:00:00'),
(239, '', 'Student12', 'Student12', '', '', '', 'student12@gmail.com', 'student12@gmail.com', '$2y$10$DZ4hK5cYcmSchUUnJEoWX.kx56WaYUoyip/hllZoociipp79QdMKW', 3, 3, '0000-00-00 00:00:00'),
(240, '', 'Student13', 'Student13', '', '', '', 'student13@gmail.com', 'student13@gmail.com', '$2y$10$lVxqYNrHnoUQS01COaynsOl/o9Bs8Rzr4.augrc.NLAa/xv0iizXy', 3, 3, '0000-00-00 00:00:00'),
(241, '', 'Student14', 'Student14', '', '', '', 'student14@gmail.com', 'student14@gmail.com', '$2y$10$OUNCZewAL0QyjSOIAhKVn.701HNh7cDsH6fFbE7DZSJafns2V1oia', 3, 3, '0000-00-00 00:00:00'),
(242, '', 'Student15', 'Student15', '', '', '', 'student15@gmail.com', 'student15@gmail.com', '$2y$10$vaseD3NKkBNVXVzp6yEhAOiXA9fAEHC.ID3M6HTIoIu32X6TTiB7e', 3, 3, '0000-00-00 00:00:00'),
(243, '', 'Student16', 'Student16', '', '', '', 'student16@gmail.com', 'student16@gmail.com', '$2y$10$BHHt8x08jap35NNo/wYbG.5VavXBeUKp3PT3Rtb7Eta7ZJwLLoMqe', 3, 3, '0000-00-00 00:00:00'),
(244, '', 'Student17', 'Student17', '', '', '', 'student17@gmail.com', 'student17@gmail.com', '$2y$10$hHoR9ew7AkcCrVRuswAgL.SgwxM36IASJvJlo7pK1o3mJQMEezkEW', 3, 3, '0000-00-00 00:00:00'),
(245, '', 'Student18', 'Student18', '', '', '', 'student18@gmail.com', 'student18@gmail.com', '$2y$10$a.xzONMmUjBTP31iJGGptORunuXo6HzPV4eIxGgUHIWn3pIH8Mmxi', 3, 3, '0000-00-00 00:00:00'),
(246, '', 'Student19', 'Student19', '', '', '', 'student19@gmail.com', 'student19@gmail.com', '$2y$10$Z6LkqFGzRtoUgj01Ho86SOLm1q5A3FTdIvs/NTnhCZMN.mNHvPGmW', 3, 3, '0000-00-00 00:00:00'),
(247, '', 'Student20', 'Student20', '', '', '', 'student20@gmail.com', 'student20@gmail.com', '$2y$10$kKdUbyqiKHh7tkQl.n8B5.xrf4Wuw0Xr8JsiwsDlnKYYzzIk9TH8.', 3, 3, '0000-00-00 00:00:00'),
(248, '', 'Student21', 'Student21', '', '', '', 'student21@gmail.com', 'student21@gmail.com', '$2y$10$ke1lcv1PX/cqkuKCPzrsNetzNVy1vDKysEIYu7KV5FaHFXN5vI.UG', 0, 3, '0000-00-00 00:00:00'),
(249, '', 'Student22', 'Student22', '', '', '', 'student22@gmail.com', 'student22@gmail.com', '$2y$10$GqSPxboyhz5R3hblwPkB9OaubOVuAEy6NC5x75LxrHieSnkUDYgvS', 0, 3, '0000-00-00 00:00:00'),
(250, '', 'Student23', 'Student23', '', '', '', 'student23@gmail.com', 'student23@gmail.com', '$2y$10$U7LAeXvE2AIrqtXyLohriu8eiGDcZ/OOhvUpM5eC2rvBNcuQSN/jG', 0, 3, '0000-00-00 00:00:00'),
(251, '', 'Student24', 'Student24', '', '', '', 'student24@gmail.com', 'student24@gmail.com', '$2y$10$MmnSb80YQOwux2ZBbStRNOfQ3KgesFxWQsSgOTKl2uS.6P5ROrJlu', 0, 3, '0000-00-00 00:00:00'),
(252, '', 'Student25', 'Student25', '', '', '', 'student25@gmail.com', 'student25@gmail.com', '$2y$10$R9ZhlItpz5wo7F6Q2V/gEOjCu3H8hnJOfOpKatp5TnRY/8E2YBt9C', 0, 3, '0000-00-00 00:00:00'),
(253, '', 'Student26', 'Student26', '', '', '', 'student26@gmail.com', 'student26@gmail.com', '$2y$10$XptUzBPhMfrTc9zQA76dtul4WTui6FaedN4ahR4KNx0clUOFB1W/O', 0, 3, '0000-00-00 00:00:00'),
(254, '', 'Student27', 'Student27', '', '', '', 'student27@gmail.com', 'student27@gmail.com', '$2y$10$l1.fGpNTjHhKuRp55Vzf.OPGRmW5jRIvhMd79upu7v4FspatQE.lu', 0, 3, '0000-00-00 00:00:00'),
(255, '', 'Student28', 'Student28', '', '', '', 'student28@gmail.com', 'student28@gmail.com', '$2y$10$rPKy2Ukn44QQwC49THGkMerzjVqlO6/.vgHjswdEwDSh1zxQySGkS', 0, 3, '0000-00-00 00:00:00'),
(256, '', 'Student29', 'Student29', '', '', '', 'student29@gmail.com', 'student29@gmail.com', '$2y$10$582NaS.KpQnnkniXPYW1CelIFLClc8zPTz4l20roOvHQ4fH9fs2VG', 0, 3, '0000-00-00 00:00:00'),
(257, '', 'Student30', 'Student30', '', '', '', 'student30@gmail.com', 'student30@gmail.com', '$2y$10$nX63nLY7.//t/YRpoSyAou83q0eoqMY7/u/hf51TB1DitkF3A9Yam', 0, 3, '0000-00-00 00:00:00'),
(258, '', 'Student31', 'Student31', '', '', '', 'student31@gmail.com', 'student31@gmail.com', '$2y$10$yJLbQc.vf.t2qACnnAp9heEZ1e9kqeh/teAyImKqKUFVm3klwP0pi', 0, 3, '0000-00-00 00:00:00'),
(259, '', 'Student32', 'Student32', '', '', '', 'student32@gmail.com', 'student32@gmail.com', '$2y$10$B4pVAH7/M9XAQDu/0sFjBuLZI06W7cd9iT3/jsaX8.eFpyJPW7FSm', 0, 3, '0000-00-00 00:00:00'),
(260, '', 'Student33', 'Student33', '', '', '', 'student33@gmail.com', 'student33@gmail.com', '$2y$10$3zzNbNP/r9HWCc/nOeQ45uhGPBnbyviqNJAa7q.9O1qRR3PjxQFDa', 0, 3, '0000-00-00 00:00:00'),
(261, '', 'Student34', 'Student34', '', '', '', 'student34@gmail.com', 'student34@gmail.com', '$2y$10$53kstSyS8FJpDyvQy20JgOu3lcc9UmZqMAL6.kFKTmKj9Y9w3uAli', 0, 3, '0000-00-00 00:00:00'),
(262, '', 'Student35', 'Student35', '', '', '', 'student35@gmail.com', 'student35@gmail.com', '$2y$10$aiBSWccIQrZ6LY16f8.jsuQKKESrvc/mn67PtNCmGYHBR.1S1Eoa6', 0, 3, '0000-00-00 00:00:00'),
(263, '', 'Student36', 'Student36', '', '', '', 'student36@gmail.com', 'student36@gmail.com', '$2y$10$by3DUQulB/KEBELSPXvf3ugCYOyoLOnyFG3qr3T3r3AoI40oI1O0q', 0, 3, '0000-00-00 00:00:00'),
(264, '', 'Student37', 'Student37', '', '', '', 'student37@gmail.com', 'student37@gmail.com', '$2y$10$BWmMhA9qRa5s1HtnwGV5sOHfgOFAcJEKSaaqIsjkqbFHedkRfR5ti', 0, 3, '0000-00-00 00:00:00'),
(265, '', 'Student38', 'Student38', '', '', '', 'student38@gmail.com', 'student38@gmail.com', '$2y$10$YbCqTlu83ew4C6EjQI8bterRuRsfcoBthctEEv9XkkkZYNnTxRBpq', 0, 3, '0000-00-00 00:00:00'),
(266, '', 'Student39', 'Student39', '', '', '', 'student39@gmail.com', 'student39@gmail.com', '$2y$10$ErPE3j/3.58OOCnHtVXrSu5vN0gTVvySi8epbx85TEv/T.us2vQLu', 0, 3, '0000-00-00 00:00:00'),
(267, '', 'Student40', 'Student40', '', '', '', 'student40@gmail.com', 'student40@gmail.com', '$2y$10$6MOZtekpM0dVfgQeJXnHmOJ8NKnq9gVyD6jiP.MiToW5QGdqEOj26', 0, 3, '0000-00-00 00:00:00'),
(268, '', 'Student41', 'Student41', '', '', '', 'student41@gmail.com', 'student41@gmail.com', '$2y$10$JJDlXJn8fFm6j/B4wcHdAuxAnmk.nmMSG1o421/nnF4Fzi2tAM7QW', 0, 3, '0000-00-00 00:00:00'),
(269, '', 'Student42', 'Student42', '', '', '', 'student42@gmail.com', 'student42@gmail.com', '$2y$10$65VNUfxCvr9viuggZjNtd.MFkphzzIc.E8NM90i0kNu3j9h5rwove', 0, 3, '0000-00-00 00:00:00'),
(270, '', 'Student43', 'Student43', '', '', '', 'student43@gmail.com', 'student43@gmail.com', '$2y$10$u1OmQSw0ceNl0tI2M05ZpOg7rRjefOacrvIw8sW9hFr1K1LzcsagG', 0, 3, '0000-00-00 00:00:00'),
(271, '', 'Student44', 'Student44', '', '', '', 'student44@gmail.com', 'student44@gmail.com', '$2y$10$jR/uO7XVSmuTU9s1X.0gKumERP.2q8ddgMKdkqcflSh71qxjZoXJ.', 0, 3, '0000-00-00 00:00:00'),
(272, '', 'Student45', 'Student45', '', '', '', 'student45@gmail.com', 'student45@gmail.com', '$2y$10$qdKNhaMhGH5liFFBAcnMfuTBHbkUygkco6ggtt.KxFeSV5fVOABaS', 0, 3, '0000-00-00 00:00:00'),
(273, '', 'Student46', 'Student46', '', '', '', 'student46@gmail.com', 'student46@gmail.com', '$2y$10$cdPConK97DGP5fpPveTcBuwMPACzEzAMYAfDyXk2mdLPM/JNbFHiq', 0, 3, '0000-00-00 00:00:00'),
(274, '', 'Student47', 'Student47', '', '', '', 'student47@gmail.com', 'student47@gmail.com', '$2y$10$JgcXStyc1HIirTVLFiYQVOp6Tn1UTszCLUu3YftURNtz0O4JgXpXi', 0, 3, '0000-00-00 00:00:00'),
(275, '', 'Student48', 'Student48', '', '', '', 'student48@gmail.com', 'student48@gmail.com', '$2y$10$20bbLQMUX3v87rUOctOMNOHnkfA2t6109lRW7EZrYiK4ZgEYqkPIO', 0, 3, '0000-00-00 00:00:00'),
(276, '', 'Student49', 'Student49', '', '', '', 'student49@gmail.com', 'student49@gmail.com', '$2y$10$miCes7a9waqLfG.8VHG.S.u6GfxykGxge62j4.9OyZvUVFP31mbU.', 0, 3, '0000-00-00 00:00:00'),
(277, '', 'Student50', 'Student50', '', '', '', 'student50@gmail.com', 'student50@gmail.com', '$2y$10$4oxaxBlFXAnF8G4PF4J9LONhFC517ltE1SpYeNS7Q6vlHEUtSwiI2', 0, 3, '0000-00-00 00:00:00'),
(278, '', 'John Carlo', 'Montecillo', '', 'male', 'Aplaya', 'boxscarlo123@gmail.com', 'Carlo', '$2y$10$qD7JJNj.wOb.Fv5HHjqVkOE3zgbSiJZs32BStdTppmLVXU7t5ZW5i', 0, 3, '2023-01-06 10:39:25'),
(279, '', 'Darken', 'Mercado', '', 'male', 'Barangay Aplaya purok 4', 'student41@gmail.com', 'darken', '$2y$10$STfhdti7vZvUx8bBzJy8cueVrR.nVSX3Nnc2UU3z60o2QqNFNDVsG', 0, 3, '2023-01-06 13:38:54');

--
-- Indexes for dumped tables
--

--
-- Indexes for table `account`
--
ALTER TABLE `account`
  ADD PRIMARY KEY (`accountID`,`studentID`),
  ADD KEY `fk_account_student1_idx` (`studentID`);

--
-- Indexes for table `admin`
--
ALTER TABLE `admin`
  ADD PRIMARY KEY (`adminId`);

--
-- Indexes for table `assignment`
--
ALTER TABLE `assignment`
  ADD PRIMARY KEY (`assignmentID`);

--
-- Indexes for table `course`
--
ALTER TABLE `course`
  ADD PRIMARY KEY (`course_id`);

--
-- Indexes for table `exam`
--
ALTER TABLE `exam`
  ADD PRIMARY KEY (`exam_id`);

--
-- Indexes for table `examquestion_attempt`
--
ALTER TABLE `examquestion_attempt`
  ADD PRIMARY KEY (`eqa_id`);

--
-- Indexes for table `exam_attempt`
--
ALTER TABLE `exam_attempt`
  ADD PRIMARY KEY (`examAttempt_id`);

--
-- Indexes for table `exam_correct`
--
ALTER TABLE `exam_correct`
  ADD PRIMARY KEY (`examcorrect_id`);

--
-- Indexes for table `exam_items`
--
ALTER TABLE `exam_items`
  ADD PRIMARY KEY (`examitem_id`);

--
-- Indexes for table `exam_mistakes`
--
ALTER TABLE `exam_mistakes`
  ADD PRIMARY KEY (`mistake_id`);

--
-- Indexes for table `exam_results`
--
ALTER TABLE `exam_results`
  ADD PRIMARY KEY (`examresult_id`);

--
-- Indexes for table `items`
--
ALTER TABLE `items`
  ADD PRIMARY KEY (`itemId`,`moduleID`,`assignmentID`),
  ADD KEY `fk_items_modules1_idx` (`moduleID`),
  ADD KEY `fk_items_assignment1_idx` (`assignmentID`);

--
-- Indexes for table `lesson`
--
ALTER TABLE `lesson`
  ADD PRIMARY KEY (`lesson_id`);

--
-- Indexes for table `lessons`
--
ALTER TABLE `lessons`
  ADD PRIMARY KEY (`lessonID`,`moduleID`),
  ADD KEY `fk_lessons_modules1_idx` (`moduleID`);

--
-- Indexes for table `lesson_view`
--
ALTER TABLE `lesson_view`
  ADD PRIMARY KEY (`lesson_view_id`);

--
-- Indexes for table `logs`
--
ALTER TABLE `logs`
  ADD PRIMARY KEY (`log_id`);

--
-- Indexes for table `module`
--
ALTER TABLE `module`
  ADD PRIMARY KEY (`module_id`);

--
-- Indexes for table `modules`
--
ALTER TABLE `modules`
  ADD PRIMARY KEY (`module_id`,`user_id`),
  ADD KEY `fk_modules_progress1_idx` (`user_id`);

--
-- Indexes for table `progress`
--
ALTER TABLE `progress`
  ADD PRIMARY KEY (`progressID`);

--
-- Indexes for table `role`
--
ALTER TABLE `role`
  ADD PRIMARY KEY (`role_id`);

--
-- Indexes for table `student`
--
ALTER TABLE `student`
  ADD PRIMARY KEY (`studentID`);

--
-- Indexes for table `transaction`
--
ALTER TABLE `transaction`
  ADD PRIMARY KEY (`transactionID`,`studentID`,`moduleID`),
  ADD KEY `fk_transaction_student_idx` (`studentID`),
  ADD KEY `fk_transaction_modules1_idx` (`moduleID`);

--
-- Indexes for table `users`
--
ALTER TABLE `users`
  ADD PRIMARY KEY (`user_id`);

--
-- AUTO_INCREMENT for dumped tables
--

--
-- AUTO_INCREMENT for table `course`
--
ALTER TABLE `course`
  MODIFY `course_id` int(11) NOT NULL AUTO_INCREMENT, AUTO_INCREMENT=6;

--
-- AUTO_INCREMENT for table `exam`
--
ALTER TABLE `exam`
  MODIFY `exam_id` int(11) NOT NULL AUTO_INCREMENT, AUTO_INCREMENT=2;

--
-- AUTO_INCREMENT for table `examquestion_attempt`
--
ALTER TABLE `examquestion_attempt`
  MODIFY `eqa_id` int(11) NOT NULL AUTO_INCREMENT;

--
-- AUTO_INCREMENT for table `exam_attempt`
--
ALTER TABLE `exam_attempt`
  MODIFY `examAttempt_id` int(11) NOT NULL AUTO_INCREMENT, AUTO_INCREMENT=123;

--
-- AUTO_INCREMENT for table `exam_correct`
--
ALTER TABLE `exam_correct`
  MODIFY `examcorrect_id` int(11) NOT NULL AUTO_INCREMENT, AUTO_INCREMENT=822;

--
-- AUTO_INCREMENT for table `exam_items`
--
ALTER TABLE `exam_items`
  MODIFY `examitem_id` int(11) NOT NULL AUTO_INCREMENT, AUTO_INCREMENT=12;

--
-- AUTO_INCREMENT for table `exam_mistakes`
--
ALTER TABLE `exam_mistakes`
  MODIFY `mistake_id` int(11) NOT NULL AUTO_INCREMENT, AUTO_INCREMENT=1687;

--
-- AUTO_INCREMENT for table `exam_results`
--
ALTER TABLE `exam_results`
  MODIFY `examresult_id` int(11) NOT NULL AUTO_INCREMENT, AUTO_INCREMENT=68;

--
-- AUTO_INCREMENT for table `lesson`
--
ALTER TABLE `lesson`
  MODIFY `lesson_id` int(11) NOT NULL AUTO_INCREMENT, AUTO_INCREMENT=5;

--
-- AUTO_INCREMENT for table `lesson_view`
--
ALTER TABLE `lesson_view`
  MODIFY `lesson_view_id` int(11) NOT NULL AUTO_INCREMENT, AUTO_INCREMENT=66;

--
-- AUTO_INCREMENT for table `logs`
--
ALTER TABLE `logs`
  MODIFY `log_id` int(11) NOT NULL AUTO_INCREMENT, AUTO_INCREMENT=215;

--
-- AUTO_INCREMENT for table `module`
--
ALTER TABLE `module`
  MODIFY `module_id` int(11) NOT NULL AUTO_INCREMENT, AUTO_INCREMENT=7;

--
-- AUTO_INCREMENT for table `role`
--
ALTER TABLE `role`
  MODIFY `role_id` int(11) NOT NULL AUTO_INCREMENT, AUTO_INCREMENT=5;

--
-- AUTO_INCREMENT for table `users`
--
ALTER TABLE `users`
  MODIFY `user_id` int(55) NOT NULL AUTO_INCREMENT, AUTO_INCREMENT=280;

--
-- Constraints for dumped tables
--

--
-- Constraints for table `account`
--
ALTER TABLE `account`
  ADD CONSTRAINT `fk_account_student1` FOREIGN KEY (`studentID`) REFERENCES `student` (`studentID`);

--
-- Constraints for table `items`
--
ALTER TABLE `items`
  ADD CONSTRAINT `fk_items_assignment1` FOREIGN KEY (`assignmentID`) REFERENCES `assignment` (`assignmentID`),
  ADD CONSTRAINT `fk_items_modules1` FOREIGN KEY (`moduleID`) REFERENCES `modules` (`module_id`);

--
-- Constraints for table `lessons`
--
ALTER TABLE `lessons`
  ADD CONSTRAINT `fk_lessons_modules1` FOREIGN KEY (`moduleID`) REFERENCES `modules` (`module_id`);

--
-- Constraints for table `modules`
--
ALTER TABLE `modules`
  ADD CONSTRAINT `fk_modules_progress1` FOREIGN KEY (`user_id`) REFERENCES `progress` (`progressID`);

--
-- Constraints for table `transaction`
--
ALTER TABLE `transaction`
  ADD CONSTRAINT `fk_transaction_modules1` FOREIGN KEY (`moduleID`) REFERENCES `modules` (`module_id`),
  ADD CONSTRAINT `fk_transaction_student` FOREIGN KEY (`studentID`) REFERENCES `student` (`studentID`);
COMMIT;

/*!40101 SET CHARACTER_SET_CLIENT=@OLD_CHARACTER_SET_CLIENT */;
/*!40101 SET CHARACTER_SET_RESULTS=@OLD_CHARACTER_SET_RESULTS */;
/*!40101 SET COLLATION_CONNECTION=@OLD_COLLATION_CONNECTION */;
